-0.28471528471528484,0.015984015984015984,-0.31468531468531474
-0.7196734847107551,0.03537198343002459,-0.7304719876527719
-0.8943606336309419,0.07285493099616636,-0.9181000730485708
-1.2546742049415671,0.0915049176809335,-1.1708587649930926
-1.7194443651719118,0.10796372313327403,-1.6510423157225127
-2.142982778378544,0.12231545093587812,-1.9811761788080533
-2.411830889986024,0.13931813383381958,-2.2094737588691924
-2.7202821703156665,0.1792212974414321,-2.584195857035459
-3.102999381705681,0.20875750509810767,-3.008503904703525
-3.3310581282940057,0.24419667451545832,-3.0431170538679866
-3.6364844021404887,0.27614131634136235,-3.250117100625492
-3.920149878402524,0.30554030291140993,-3.374641684203324
-4.068374323001584,0.32459493093989905,-3.5876810902816008
-4.220075285922039,0.33210228018401233,-3.740074205790263
-4.64011655865524,0.363337113066903,-4.265582994790739
-4.641737684753727,0.5128835576419327,-4.241815555457231
-4.6501521347832036,0.6715246752275605,-4.212677084369438
-4.607966135327894,0.80954417155805,-4.197550979192223
-4.607113565672005,0.9587967664350526,-4.193333512483135
-4.603698858064739,1.099398635806703,-4.16942000447034
-4.594022344682409,1.2606621418379291,-4.135240235838445
-4.565613983311947,1.41334901081297,-4.081011701893964
-4.527437989392567,1.5437620668183951,-4.013971296603288
-4.486575122615982,1.6910323735186588,-3.991988770335565
-4.482199691035237,1.843360777011175,-3.9857935513052616
-4.451235905501156,1.9910423456581137,-3.9400151398094003
-4.461946728349327,2.1303515420106836,-3.9350326075250437
-4.4303095083816535,2.278417490476293,-3.9074201690402304
-4.371724096001568,2.416125815379661,-3.878602554821754
-4.339946137052912,2.5588020667302867,-3.84035673100208
-4.318093619644153,2.685777107950086,-3.800895200330311
-4.2939669426280105,2.832734453751061,-3.808824304859738
-4.261070587015425,2.965639196537394,-3.758783679714893
-4.22772126770761,3.1055301513813007,-3.751312107048507
-4.170211921838705,3.2448490602334403,-3.7055896958436083
-4.13612289733361,3.366514290282692,-3.7066803897687106
-4.107008443768002,3.504205065480388,-3.655415714860345
-4.117295887353032,3.6397154954230713,-3.667434733721643
-4.120950028291334,3.7817823297115813,-3.677716956759829
-4.041393358855805,3.9027648629127247,-3.6428080620820076
-4.006456548211012,4.026716931103413,-3.548768440864635
-3.981675642544874,4.150046175578249,-3.498781842422614
-3.9792987053490423,4.2838836354258465,-3.4487064190049335
-3.8783967685380762,4.404285640484896,-3.3958818018379575
-3.79889517867932,4.537033504146311,-3.3899800341616886
-3.792143208153646,4.685197071311741,-3.389476253035292
-3.738235448482543,4.805140191859908,-3.3309251260594848
-3.7099022445264853,4.940897785404203,-3.323874052084293
-3.627051550923963,5.067047365595296,-3.2826970585089263
-3.60921182042389,5.188935152923838,-3.286163622963455
-3.5918460313167926,5.319070418561938,-3.26276941695783
-3.530751672678355,5.446595650841065,-3.230478441927135
-3.512379894169027,5.571950171833525,-3.1752075039094887
-3.4665191632770416,5.694800748752544,-3.152511189130958
-3.394438651540789,5.829636706589587,-3.1681732349594514
-3.357179939025022,5.93345191109976,-3.148023804733864
-3.329562024702501,6.068512436343996,-3.1028604895097054
-3.2475881745261113,6.190599194488219,-3.0691032688519324
-3.1682964967687424,6.306617657496149,-3.0333031787810785
-3.149464212635259,6.431010781370031,-3.002508136427336
-3.176904076074929,6.565590819600935,-3.0417522018811387
-3.1930610022675836,6.688617897601904,-2.974835954210143
-3.1158621089413043,6.816804856069804,-2.9633120600177096
-3.098028301547687,6.921836726335581,-2.878972306565002
-3.0277336949547964,7.03768080899302,-2.8327361496091124
-2.990314912554361,7.166896278351569,-2.793848010857236
-2.923015227313144,7.281573069209099,-2.747433811228654
-2.8636457300064713,7.405951836189052,-2.7218066281121223
-2.781071886003355,7.521621099889464,-2.7083687286478515
-2.7483795566004163,7.636732458127173,-2.646361784860646
-2.6850275952868916,7.7627952804341716,-2.6275136350866535
-2.6448349650924414,7.87781933430584,-2.559874620912505
-2.60793027491887,7.99765022846931,-2.5454418829325114
-2.5741413112821396,8.11039892519077,-2.5355184203754617
-2.473376030817812,8.225661381766683,-2.515343454843136
-2.3523226128370864,8.33201497148012,-2.4735924051700446
-2.3518779539034633,8.44312242585714,-2.4291795120250903
-2.3346923269752398,8.54556665749826,-2.4180418878057375
-2.327787324562209,8.661943828903453,-2.3695494799219277
-2.284961229808252,8.78927766663826,-2.349361294217438
-2.16876308800199,8.886234764245142,-2.2764849865963743
-2.1726889702304537,8.999439820883094,-2.1978642685253713
-2.1605293321610666,9.113966177314497,-2.1826667086706455
-2.108341656568734,9.225594349164941,-2.126975897585883
-2.0332105560910883,9.316812281346087,-2.027838579986223
-2.001470889762583,9.42265908012233,-1.92111536761455
-2.004462056752224,9.526487284944979,-1.813727696006547
-1.9276854444933267,9.63595773931152,-1.7812586826145749
-1.9339429811582471,9.740617943786338,-1.7243336709319157
-1.8999332381031337,9.855641724341353,-1.6710933487297779
-1.8469482478853427,9.955542959457523,-1.6312138225929453
-1.7921130003816261,10.071225738854832,-1.58915476340186
-1.7507854028090986,10.164098590019739,-1.5390123899329646
-1.7047880812234437,10.273572687038625,-1.4837222348155605
-1.6645018110033225,10.36872420916621,-1.4427341228638133
-1.62392205070629,10.467037847694831,-1.3846684987463442
-1.5710018331588165,10.561250283454129,-1.296177273267127
-1.559044900850067,10.688058612371412,-1.2725372544581581
-1.5753068670903991,10.78774321511209,-1.2562033750533939
-1.550453507992791,10.897368376068435,-1.185557936570729
-1.4681171731076441,10.99097693545903,-1.1426303682121628
-1.3872915720379502,11.093144833664214,-1.1081757730460133
-1.3167940862881309,11.204326601431355,-1.0967954606250065
-1.2232415413743412,11.30728079884577,-1.0620982545603135
-1.165108964487404,11.404763067180944,-0.9892623299035967
-1.127643894008794,11.49723534609297,-0.9211554438397834
-1.107477602809642,11.606861339808471,-0.8900457675955833
-1.1198141037154261,11.717237041838823,-0.8420567260729627
-1.0707033121141503,11.814484249291954,-0.749889397007921
-0.9726534102085331,11.900596776697936,-0.6440694356850707
-0.9358066094133234,11.998757122919855,-0.6480652742263954
-0.8669352139161427,12.105732197807924,-0.6060340588248703
-0.7591000258260396,12.19853558227005,-0.5822562578512392
-0.709427047036894,12.296559203909622,-0.4987305976942656
-0.6747520682940855,12.390961229114883,-0.4494469072130365
-0.5745706065902116,12.486751930400041,-0.39416810578427147
-0.5494362130915305,12.580265633559522,-0.33364212830409756
-0.4506955033708215,12.66540918806759,-0.27245283689093297
-0.3769055732866214,12.75628204087206,-0.21112990010903396
-0.33902147713662345,12.855858509938516,-0.1514408415084301
-0.2559327147004025,12.949307352167313,-0.14160377324378592
-0.1942244705313591,13.03868831088832,-0.06856307964012695
-0.06090454728165413,13.11912684547347,0.00026878635730008814
0.014693261073708209,13.207760082451278,0.0601151566196752
0.06163669773400846,13.299569077081847,0.10624853108260568
0.10073577952711531,13.39035030774601,0.19212966748281934
0.19986555314897927,13.457914878500501,0.26700937125926477
0.29755763694660464,13.5418370828958,0.31554195573921817
0.3600396256718792,13.617572126363353,0.3254083356289535
0.40937185148727795,13.69662762707341,0.4606534478318485
0.43713940263798695,13.784222501287363,0.5231524498483474
0.5250621452014075,13.860123791895143,0.6088106722765592
0.5641281762628381,13.963006644564768,0.6331401290882064
0.6024154753190306,14.041575766026137,0.7564664353435079
0.6383102423394075,14.136371085968191,0.8254175784088308
0.7531822073119271,14.214147431052703,0.877686313381595
0.8263319374043293,14.285084282382893,1.041829798315402
0.8774148377219413,14.367572787226388,1.1257841733215
0.9551356365652315,14.451909541701474,1.1940981937723447
1.0408722087419866,14.536956721028048,1.2317181127495074
1.1549512245849833,14.606947982714603,1.3036520883843357
1.2081875217906315,14.687272475645997,1.3543346968793568
1.2827101186660024,14.765371099275885,1.4293522963107754
1.3323186475205002,14.85192729677966,1.490187021383824
1.3919686601053767,14.93688733834321,1.5659971154153811
1.444365327110653,15.01453281579229,1.6966493400430958
1.5272914246826317,15.095934658945133,1.7596975527728467
1.589099507966333,15.178637248253242,1.798121351450323
1.6014048699766934,15.260973661385254,1.8227618209398841
1.6426028342945014,15.33142207239852,1.875570228923321
1.6950071422016535,15.405543477781283,1.9377853594676833
1.7726411713990575,15.48403856264007,2.036895164314044
1.8233245381963068,15.572808140722906,2.0727506779758387
1.8854060113727673,15.658195679085622,2.1075782119483515
1.9480588823016172,15.736435192097423,2.191864758257584
2.0081476182997635,15.819918983042582,2.250475239697761
2.1009330455628628,15.892885984122904,2.3142225262090665
2.200929094552031,15.957611571615528,2.375292021273248
2.280061765317838,16.046862049046407,2.375088537923672
2.3683102389666697,16.11874815021245,2.4415275098868987
2.4211274595074777,16.191892486693725,2.4902622235028264
2.486934446868327,16.27144611757574,2.539927667902273
2.5153955498834932,16.352396483420964,2.576604279407004
2.6629357248024026,16.42452628777701,2.588423389889528
2.700085187639091,16.508645023105313,2.6413724442096056
2.71213116199882,16.595078504115314,2.708148381186844
2.739428620977046,16.68278555936211,2.709974658703424
2.779212799478613,16.77667015839459,2.7103043339571316
2.855797664230256,16.847926373489596,2.774276677857065
2.9682797182998053,16.915098418387796,2.839246085428922
3.034681999915158,16.991249340513463,2.8932613311553737
3.125047869338705,17.050462075448692,2.9908344763325134
3.2154570423894895,17.11945555222112,3.0008303803195298
3.254601746179384,17.19906029585415,3.0167912220009594
3.4296909594445655,17.25519098354937,3.080364219735177
3.4950858310913926,17.323244457714765,3.1843821735511306
3.6307661713224024,17.382426979259698,3.304770697820013
3.7072106808082617,17.450888024095562,3.3721642036132256
3.7603676786014,17.519010742197555,3.46029029156455
3.885727089394047,17.588550234501245,3.483189026063213
3.9488568156630133,17.65591175277609,3.5553707870901237
3.95352130200169,17.718440235001324,3.6363321186291673
3.980492529290616,17.800501058052014,3.6947877814299677
4.023523335674086,17.849734890350376,3.713642051761283
4.099870576283621,17.92141592235014,3.7533433552853905
4.1995041075687585,17.979342834798683,3.832350108731296
4.278452614499208,18.03871176309497,3.9445298626728102
4.35859839523197,18.115629251366894,3.98590411685709
4.395454688606202,18.18063102981328,4.089623417305293
4.361498940511192,18.25052771409935,4.120396332359701
4.4155621280500155,18.325656981037,4.160554399752529
4.454712049199932,18.39144586577651,4.213898682588244
4.531823291007,18.463295839839105,4.239590364060724
4.55838768324758,18.5374076780875,4.306943943133954
4.600741862326612,18.59609795844691,4.349176105749453
4.627353183006864,18.6658995866561,4.445793236695722
4.696090632084793,18.721327859211705,4.471841446427672
4.734899540417594,18.79930680810319,4.496220080399486
4.786481198625654,18.86300078348645,4.537438818445096
4.843019530291979,18.92808050858767,4.586288489764783
4.947195182092811,18.986803114500376,4.6397145467711525
4.999541802181264,19.05312555182128,4.707827165607824
5.038840154110605,19.112099164741238,4.73583036039959
5.117796013378312,19.177769120984216,4.77270931653166
5.198952633335369,19.234583008189233,4.816336192264119
5.250216956332058,19.307480856217587,4.8461625356169336
5.366608835671947,19.36365875920586,4.914615600416284
5.405405914877304,19.422205231752535,5.047242803442255
5.507021848962827,19.47962838568693,5.073169979738119
5.562392699194393,19.53938612107861,5.082027356551793
5.6418821123185925,19.599658006574796,5.099028651942526
5.670056684675053,19.66985949259983,5.1109930153270575
5.720732673347003,19.735481606307594,5.166047877370816
5.735288288605875,19.80420503798968,5.218699583142429
5.810024025512548,19.868359367277538,5.2709123632489945
5.836457588853692,19.928038866975605,5.380286284239028
5.926806912385413,19.986625347321436,5.4484472975426135
5.99028857748216,20.04406477272289,5.500206712658522
6.019592953873806,20.10296073427601,5.479855816959461
6.105919161525114,20.163200479530243,5.528147017007118
6.119832002594531,20.227441443871715,5.5349483653549205
6.147173363195394,20.29305569885961,5.605669546129253
6.248212707049939,20.354941017823258,5.633783115944647
6.273360873768927,20.40067986348082,5.651898798974509
6.299057971756534,20.477908749473592,5.651905297064998
6.365038247729874,20.51817521252862,5.725221509620696
6.403377526134531,20.576536784895517,5.767557087665442
6.465429380522773,20.63044197274874,5.849220218503047
6.530899160699179,20.690781796758053,5.909024007846155
6.593689983456472,20.741619761283737,6.002256683698195
6.657247302856133,20.803972012764316,6.056847024926786
6.746056940770123,20.863580522194578,6.097070931208515
6.8103341100118495,20.915425406908433,6.139320983744525
6.82446900706427,20.969600942958685,6.224962641418637
6.8515737015299685,21.025910171480195,6.281232696780524
6.89074337544999,21.084378218874985,6.306113585711301
6.930304412517355,21.14017241221057,6.411612012226624
6.982144487138288,21.203877155617338,6.439321429291336
7.048709522559202,21.257484559126034,6.50563934099466
7.101280259947504,21.318221047631706,6.547960073082944
7.177484325221725,21.373752804254313,6.584087822375469
7.236819527293043,21.426770010854387,6.653301386404784
7.287041017001443,21.47936030371509,6.733411789454655
7.312890436226276,21.546280486352217,6.7600602978557705
7.48683462840857,21.58570202081385,6.802085257004002
7.524530332232193,21.63698959314408,6.853665765076178
7.62615731656281,21.688858735653252,6.88138577738452
7.714504583298532,21.741984502171107,6.932869041521855
7.776713616163693,21.792532263294518,7.027730872321288
7.857294658893479,21.842834328501556,7.104682582088716
7.956811021609685,21.894510765334882,7.106703005510372
7.9816758270774635,21.95464571998809,7.1594504390490465
8.069979441260372,22.007354929692692,7.186458977480156
8.179781879882478,22.051133987119293,7.275526974263726
8.269563279090349,22.096216107053362,7.342509272770581
8.28519064843812,22.14996271312992,7.399623408673058
8.307834754398842,22.199655151527985,7.442469093491951
8.345398444847987,22.25526319321214,7.458965677598553
8.3703703911507,22.320830368799424,7.472734087878478
8.447408667953345,22.371887917026292,7.514289262239555
8.548487787344476,22.412625057524934,7.544060765129547
8.622420920114166,22.461130613230356,7.594307154797045
8.682703364798618,22.51389002440429,7.6367157243785355
8.707905398375205,22.571096654646382,7.688977765190309
8.760126803424384,22.630426758236975,7.702154368239149
8.835994304677216,22.684855411149297,7.716756056137859
8.861154991306918,22.728207024586656,7.822464411981469
8.982175197202636,22.774323875992714,7.848901951748067
9.019615782033833,22.817369234012308,7.88000710003144
9.044627500367435,22.861576505541112,8.001152209380475
9.104460396537858,22.914228826868467,8.052372901111303
9.244746245977021,22.95603400454162,8.121773774611423
9.331659343480547,23.001971847504723,8.161796854858519
9.369495104937943,23.052285415662073,8.227381902547425
9.408068727508981,23.09712814392916,8.28498036410521
9.492328743787363,23.143342792123004,8.36346406786613
9.504305839801054,23.199214773444346,8.43737865517082
9.541094865894348,23.244438366757155,8.472678697373759
9.646601919854648,23.292951092895464,8.484893260257667
9.708697952422494,23.337414532930843,8.548458941797834
9.731827258981491,23.378736093535405,8.63036175954636
9.781197938420359,23.42963051329389,8.669671597610233
9.85334589759644,23.47117870113741,8.732795832453375
9.878498758692194,23.51872260816187,8.772488883192322
9.950699140018923,23.562209803348406,8.826059836569277
10.026891923416153,23.605613529836468,8.879271100484644
10.087796493081136,23.653349799733505,8.924870456543527
10.125163849106443,23.693452379682522,8.993059409721763
10.13673205266317,23.735869228432712,9.009455508241382
10.174611255408562,23.776517089657027,9.050099994115147
10.235177380426073,23.821169142373282,9.103755005939634
10.259654905252523,23.86787225554238,9.187699349662147
10.347969605966657,23.903198545916947,9.26291605556712
10.430567244635132,23.942792401262242,9.314863505721636
10.456567282591754,23.99340071298882,9.367082202656364
10.503168852048837,24.02914482122454,9.396879759403438
10.582590853453747,24.062113177734005,9.482932106486992
10.640861799304703,24.106991244993633,9.540201418576887
10.724866889167416,24.15018011380364,9.567483926368038
10.744861929657684,24.201320156268867,9.567182549831523
10.792695809368539,24.248485148242946,9.606712987822387
10.865684757898117,24.293226903216237,9.631987288244396
10.936768672438852,24.33049939208611,9.657622753533115
11.031566714861825,24.374946520044656,9.657633400196918
11.05730137233182,24.416446544335763,9.713448557079928
11.069189908850099,24.45289478749883,9.879852944806181
11.104908774009482,24.493952658883504,9.976204828638096
11.154119888574455,24.542060895182985,10.004237606553001
11.177709807681786,24.585590161817507,10.087222215941901
11.222564962638593,24.630993105607207,10.126964894009967
11.289925651319678,24.675674295103462,10.163532306462956
11.352449000708644,24.71642942504577,10.213836120327004
11.4075182768686,24.756337010990386,10.226860007201768
11.46846958724546,24.80102190975449,10.251094833757639
11.514879018243871,24.843349100663172,10.301409782346948
11.56098646752943,24.876203705678314,10.36336050778448
11.624598125420743,24.92049063399783,10.38734526459987
11.660513074839143,24.96459690744572,10.442642611514128
11.75487349026407,24.995511414585266,10.50699431600061
11.789189870500449,25.02663875077445,10.574244389929985
11.824111195002532,25.062622332907768,10.656681289830725
11.896120713588253,25.10604616024794,10.670016085875108
11.929127052564958,25.14432369273158,10.712431726020302
11.965373284608102,25.17921997193249,10.811669064602592
11.999280944441148,25.224260130288084,10.851324323915636
12.047451260133,25.262143970923894,10.941182961499463
12.112601161726927,25.308289886953144,10.954633954986502
12.112094274603784,25.359137670617464,10.995281800613736
12.19307791642441,25.393770821651646,11.08471547347031
12.27528183088883,25.427316719948234,11.138684612143061
12.299611666199317,25.46644627939233,11.176182327941552
12.323852457652979,25.512322306443643,11.214184595203857
12.346070557446385,25.55108274240724,11.25126133330625
12.365134127805124,25.596914129335957,11.226544348936985
12.409921565770635,25.640056925478174,11.2551722029322
12.45681641381969,25.680966709489685,11.293633933436611
12.490721042255775,25.717509187451274,11.372148620785852
12.50259351830163,25.75905811491452,11.419948308151964
12.535904280917883,25.80565674807726,11.433461687444487
12.568908323477503,25.84574201020878,11.485219164939977
12.638078013681275,25.878316673340205,11.524510290647646
12.648655755561752,25.917632644958058,11.566343635139
12.717200400466536,25.954705685269847,11.62103270318104
12.782622936882085,25.99157778099753,11.672031009521298
12.805974506565448,26.033014644017527,11.724012438904833
12.886352289589418,26.065526996535866,11.785826745263495
12.919517487345104,26.10453104159253,11.836889240668299
12.931660768288946,26.144993988174292,11.863589899783621
12.981725059811764,26.179597481270015,11.92885364187653
13.01818448190757,26.222272245552645,11.95332515049838
13.04933837530502,26.26006851007955,11.968620864008331
13.085210603165741,26.29415389814182,12.046122933665927
13.18519657033604,26.319272681366524,12.121283339773429
13.209161653756912,26.35717778201432,12.183384897141845
13.257188009928097,26.394979378530866,12.22036214579251
13.289394946355717,26.42845798982859,12.296460092002398
13.311975681969194,26.467939341317607,12.345927679560015
13.347327545483829,26.50727980016592,12.38516122351883
13.40701867817696,26.535140252265396,12.442609343288746
13.440900165362859,26.56956828023558,12.467306897456751
13.501141399074513,26.600345542796045,12.527104478621577
13.524970009711058,26.639102581339216,12.575615585958564
13.560016863786636,26.677697072650318,12.611488985812885
13.56001379777805,26.722173952185813,12.647442710958249
13.620208943590754,26.754339709819885,12.697725529532406
13.654589140470158,26.785912176728104,12.737033814258462
13.710424139080798,26.815850884950397,12.802148122049154
13.742049707358513,26.848702702244914,12.852730391652681
13.800207353644167,26.881842265162227,12.851972398283811
13.856238355904694,26.911348118311775,12.915563178919946
13.867939528737457,26.951733329019092,12.99484922778165
13.90083103115293,26.990946032492232,13.019444192321327
13.959630506512982,27.026020810121405,13.044679564950954
13.969675492159777,27.058461920711498,13.098441661265978
13.991211692338693,27.092291285258057,13.20617598653444
14.08281930382245,27.118984589157744,13.243888763024405
14.162388468170766,27.143531939449957,13.301192197181736
14.198608402715196,27.18392638372948,13.31298914723124
14.233980741616163,27.21372268690162,13.346791630728546
14.275878118882108,27.24980838870027,13.372356851012206
14.334203111108458,27.287752320624318,13.3719381751867
14.355276850290123,27.325051047862445,13.433424407718414
14.355264373445934,27.368592631620782,13.45793537382802
14.390170925415212,27.407984155264828,13.469642034494798
14.49368513537462,27.432984301605174,13.518482059123432
14.55015831462255,27.464214726726613,13.55665700771974
14.585438368042883,27.49090243311978,13.66110224086085
14.595731333743077,27.527762988409023,13.70958218758039
14.618797915897533,27.56841745287326,13.72261150282414
14.662708724242892,27.598619117784427,13.735093089895765
14.659690174043522,27.632182412758983,13.733104887132377
14.727700412167184,27.659748263511364,13.757826830960587
14.806804860627919,27.68765110199973,13.806274807240666
14.84081135019592,27.7198382792435,13.855947419482193
14.862153367050302,27.7538062408064,13.90635526306489
14.917164784137785,27.779827291114543,13.96799586551618
14.939176495011646,27.819332979336394,13.981283812189506
15.007985608725791,27.847117325461614,14.019653722033526
15.10779479273831,27.872337094262935,14.054103099676192
15.15205159899289,27.899376699205753,14.136594353526158
15.138344452248962,27.935989864754024,14.162352652227547
15.18037670494236,27.96089393685315,14.202321389673484
15.222928152677227,27.995681918155988,14.214241798004805
15.232701320757192,28.032324942340207,14.250526741811319
15.217521030479222,28.064099426012973,14.261344752400372
15.239601467915781,28.098521185169023,14.29680459474695
15.331355611282989,28.1209177850257,14.354242227821663
15.362613404768265,28.153183881395535,14.39215789838994
15.395220140344977,28.18723728601908,14.4144252952283
15.428744602180622,28.22112960413268,14.435850796143127
15.46003325579788,28.24304750868331,14.496850282271094
15.51881422770938,28.267344312325307,14.559253935686197
15.5284437730072,28.29294405126315,14.619581698979493
15.585086521340784,28.32073361387556,14.655321472699441
15.595695505074998,28.359719852820646,14.667732283414686
15.611932600426437,28.391597388675727,14.655278483966562
15.632769597021019,28.424634823542956,14.691500854878791
15.700596957861192,28.44765739473028,14.761820924767862
15.765805905451739,28.46872816415183,14.785976839639714
15.78661783545928,28.505145279736922,14.797055127068994
15.798513427526423,28.541413014252218,14.820154518853682
15.842769830303935,28.572004668975588,14.845096469778225
15.875344458142862,28.596775481378327,14.913660710074623
15.856087550927352,28.62394433313825,14.89914072408509
15.898715472249947,28.653697917058377,14.94512431157743
15.921356301819504,28.685656747851603,14.982341076542022
15.944353294715727,28.71565331439748,15.032149393708032
15.965886740320629,28.747362238760516,15.067437088231179
15.977090185607654,28.774759216528256,15.157814655569235
16.066640321573804,28.796918846220542,15.180960819916281
16.077233375046198,28.82778334828895,15.250046459798591
16.087551998904512,28.85303460834462,15.296276919378142
16.107252172083086,28.88185433694413,15.306166605844572
16.150695895182295,28.905009990801094,15.385646458018908
16.206439019755006,28.930359175179873,15.421143286527231
16.239552897574953,28.95745436019482,15.468188033799056
16.272378449517046,28.982595857893187,15.523115326596583
16.282719866135125,29.009495087257534,15.597654388375458
16.322806974438482,29.026295212166463,15.67423921395902
16.364728702341377,29.045569613013207,15.755748950935997
16.38661095412035,29.068425332527813,15.835621902093637
16.440297131071215,29.089410250872525,15.894189301517905
16.483291084780856,29.119478191098096,15.906180553174528
16.503827796205563,29.145756198447092,15.963363398361164
16.51227057758494,29.166086071998933,16.031008745540962
16.567053040831595,29.19401360896136,16.043112002192935
16.598198306069783,29.22181269567601,16.07800496163552
16.643394047739022,29.249562592523443,16.102357407051866
16.70909321909995,29.274960611775885,16.13475155272139
16.773804429284436,29.296637038284697,16.19396052597476
16.784241576213528,29.331301126225725,16.20609650639828
16.803641147160246,29.35459299817891,16.237612395028965
16.81932074451319,29.37738018522615,16.233305206194743
16.87372095901275,29.400895398434457,16.268500547241228
16.90461342812521,29.429748717545426,16.291107275886226
16.934441677318905,29.450106358616782,16.36389263992387
16.955995664145732,29.478724174620467,16.397316771325738
16.974429029099984,29.50320626685115,16.419215392257776
17.026891309646725,29.52221928118019,16.498154848145997
17.068763594813607,29.546896772626493,16.531046895274795
17.078853040580572,29.580458684897685,16.542733970658997
17.151992172253486,29.595964881059253,16.59845082953546
17.18443253739472,29.623959148220003,16.620460049257137
17.21626297940601,29.648263464537578,16.66486756371984
17.226001849563993,29.68134499863512,16.675216638944566
17.226021896012742,29.710756007009753,16.72102866143206
17.226040029155424,29.741782220023048,16.752832104537976
17.26947043780847,29.76560696624206,16.78569088654458
17.29053555415903,29.792917650238294,16.818562999048076
17.302850578433986,29.817985422490256,16.895146327798564
17.33450555365395,29.8433530064769,16.92860636938638
17.368451460779035,29.868660473696895,16.962477518281457
17.44147248119391,29.88851614192496,16.985016783091115
17.47324662096045,29.91357393505941,17.0191331488507
17.49355553305397,29.931488773482805,17.10886029760972
17.513067140083663,29.955979822132008,17.116561406234563
17.55635506650163,29.977233701367886,17.15998145644378
17.611402102149178,29.996669078245887,17.203473544787354
17.63211684410085,30.026541639697406,17.21449835864262
17.69806625324044,30.04933091268695,17.225636922464936
17.732433345354345,30.075525791767188,17.247202083996278
17.74876725907793,30.09245561777159,17.29743293681072
17.789546675917336,30.11317729755247,17.34120334335544
17.822552857174173,30.1334779117372,17.418648127699658
17.8854594253917,30.154043744449442,17.440081134612875
17.905594806357712,30.174562033677795,17.50671989781044
17.93567158760453,30.196758316529003,17.55116749144618
17.989632508654122,30.213620098461742,17.605657092689054
18.041906136960332,30.235643560566015,17.62806763000379
18.08094636539385,30.25929711656964,17.648309269689243
18.142346074749273,30.279401954173828,17.670308460021896
18.162198107899464,30.304613345901497,17.702348403257375
18.20269505202365,30.324521109287684,17.744477708767025
18.234317068710745,30.351281649479418,17.75503964120683
18.275843860049648,30.374423937580683,17.776076792129153
18.29471342897508,30.400937108917404,17.796949832372295
18.356311007331428,30.423881289986266,17.796919380647438
18.426479325590037,30.441292786421904,17.839235664478355
18.48641761264314,30.455503933639193,17.89138226634396
18.51677358421577,30.47996710765176,17.91290574882346
18.54767366562663,30.502623260651625,17.943851660474703
18.609411265404027,30.524884670269465,17.963908943345043
18.650235386057346,30.547394788776863,17.986091127949418
18.64660567696403,30.574675422318847,17.983992652801977
18.68619817435658,30.595273077251868,18.0156204336916
18.682486746025226,30.616854193647875,18.065490979067363
18.71449635188992,30.640711375652856,18.087788275833212
18.733706756217256,30.664406614715674,18.118199665991195
18.78516247301915,30.682989039391547,18.14964931291144
18.866122857394714,30.699135304570532,18.199784528607083
18.925142437220902,30.718938227722116,18.231851814463663
18.986343656902278,30.73897304755179,18.242376944809234
19.023990760041244,30.765372685799253,18.25303882571344
19.032002865118756,30.785249769929436,18.317923896795744
19.06264872338356,30.806731073836588,18.35033972563079
19.130991781313202,30.82640265872972,18.350304762656037
19.159091250435388,30.847737763928112,18.383648990711283
19.167938967979172,30.874071803138534,18.405023424145565
19.187979549192168,30.900305943164145,18.415536015366428
19.19854844699797,30.924700219527214,18.448137020021306
19.197244773362033,30.942999039259707,18.460971153613784
19.197299027873672,30.970574417777776,18.48270296823988
19.236065494792054,30.994708238206933,18.482643208859017
19.255292440376387,31.018743358205587,18.503747640384997
19.29437001604741,31.035734608695993,18.568969668889196
19.30901234732045,31.054337300289323,18.585631493566382
19.338297166713474,31.07482366388906,18.616192307972995
19.338296258495244,31.098561193839046,18.659361980385526
19.364204546666944,31.118572526951013,18.656480273095347
19.402405804531647,31.135455029205303,18.698285407493472
19.430731203893735,31.160222274849485,18.71779962627574
19.430486844677077,31.18854133858804,18.728764082700994
19.461556519059155,31.20848173049551,18.758173396804235
19.495984498061215,31.22310717239518,18.776096549682645
19.526322159986645,31.240942714977383,18.835762649333663
19.545561836198342,31.267296833592162,18.835691583093727
19.545579643195225,31.291899349672008,18.868041030589097
19.584401382455493,31.31145737461699,18.889043353988285
19.62350019846552,31.327328504113275,18.95012374754955
19.66318286122328,31.345079782070087,18.979943847473542
19.737086063804593,31.3589604377287,18.97775596045618
19.741108924256842,31.37953767365272,18.985089561548236
19.740615249484055,31.403341567990807,19.03646556981742
19.75973801060143,31.425691110297876,19.05674675089462
19.769297111790628,31.449615424485163,19.07731870076051
19.799058175967655,31.468566511915313,19.1079738137688
19.846714994911792,31.49044462398058,19.117988926686316
19.884064992005246,31.507643842103217,19.15065869945586
19.932209780033656,31.524754919092324,19.17134823695748
19.9799062408201,31.54177526169588,19.193326526261085
19.98047588719409,31.56365807914887,19.23578607602384
19.990160429373237,31.587060792670698,19.25753418585346
20.048737995503384,31.600669424066403,19.289231595965802
20.069482026761424,31.62554540966963,19.289268886619297
20.097813201808997,31.643567679440523,19.341851362583867
20.107515827562256,31.666649709122975,19.36260018819341
20.146138297915627,31.681561899831493,19.40442934900136
20.155359408090142,31.704512261957333,19.424152805859265
20.155362964383993,31.727347067359993,19.454754044184966
20.188201841127047,31.744718605374214,19.461002069193945
20.217350371919796,31.767462966172634,19.461801397890543
20.235991102024254,31.786850126935466,19.493360307733568
20.252305621011654,31.802961274359816,19.545576063997686
20.27123984004471,31.817395010528315,19.605968280279736
20.308330850666962,31.83498959974025,19.626819159121318
20.34525313069553,31.853799884255306,19.658024490467746
20.354376302015687,31.876072328270002,19.679530517261416
20.401005441340452,31.888680222892695,19.719664450052655
20.38595292502397,31.910255873134396,19.746304667462297
20.40145301312819,31.923769844317054,19.794837291746486
20.40629881601736,31.945489072599067,19.78172744891303
20.443525310771193,31.964177063265993,19.791147754513545
20.480706093445484,31.982822724157554,19.801643783797946
20.52879286533289,31.99979289498669,19.811762876665444
20.556493842598893,32.013534875371214,19.86409359412457
20.587884137659426,32.03201987730348,19.884174982940955
20.594538754267386,32.045450012787434,19.921569737539002
20.62432983936338,32.06695393783703,19.92154339695366
20.65389092518469,32.08359249063011,19.951453457576328
20.65389386940735,32.106503066160464,19.97164396600765
20.697716632427905,32.124561281701475,19.971406644455627
20.74453997168575,32.13600861283075,20.034938675354777
20.761896509798827,32.155551706283156,20.055824929546482
20.771133657519396,32.17345887375688,20.09588277038183
20.78156055785926,32.189448990814434,20.165175456754934
20.78156502608026,32.21035715564354,20.19561688330448
20.81576264365897,32.218402942100596,20.23163667501252
20.843719842655165,32.23606030980523,20.25337656052448
20.873072654112608,32.25212524195101,20.28532043885185
20.882968495984493,32.269668104135164,20.32592937149258
20.911950636535884,32.285581531103865,20.35611779110229
20.931547744092946,32.30613122980025,20.36574799041964
20.99630923952692,32.317227915866845,20.38554650669009
21.015067256144484,32.336083473309024,20.405042437419567
21.018413642837995,32.351522084053606,20.422871304353215
21.058841033274497,32.367130251550364,20.443684782115152
21.07568617177815,32.38578752197695,20.463978571317888
21.07311157017806,32.4023329873167,20.4350842428512
21.10168232351357,32.41621331766931,20.475633403573646
21.130207554480208,32.43625057607232,20.475639115248512
21.130203276433686,32.45620603709086,20.506224678807694
21.166882087835948,32.469926453411105,20.538563599321154
21.214545640843674,32.48206434386803,20.569407589020642
21.23312503015854,32.50029253266607,20.590186869271157
21.251691406818708,32.51689724713287,20.62073559533513
21.27015974618509,32.531917623581656,20.66115170665004
21.270160663693787,32.55304564479534,20.681734431520127
21.279203973114495,32.567921315510205,20.73041689161693
21.30756794913413,32.58429588979588,20.750826296198824
21.344650955555416,32.598830453166876,20.78940457539232
21.36452905787187,32.61482949279563,20.83713486713387
21.37375710644863,32.63408057890819,20.85617196129479
21.394351191879263,32.65019825105192,20.884705782276306
21.429545611912047,32.66322546813983,20.914902201851696
21.439457710357974,32.68075989127506,20.943074723308992
21.467740834528193,32.69824776319354,20.952347803461695
21.47770545771575,32.715625946400834,20.98064745109082
21.477302654568017,32.7359918631967,20.99955350369801
21.520989489945702,32.750217536607835,21.008612879772613
21.540109057174227,32.767443101380216,21.02668717512906
21.525204875923247,32.78286383934212,21.051423034321196
21.53407431104649,32.80298433024899,21.05958207071123
21.543137195613998,32.823034471713555,21.0695374423857
21.56244293099335,32.8399908528955,21.08895841531067
21.589046794053694,32.856868486165574,21.099187958047533
21.61179537154708,32.86721993764712,21.135188429257695
21.629527310330523,32.885523471941745,21.144715385074704
21.60856493266069,32.901803121228255,21.124205557521062
21.61954239248184,32.92003086166623,21.14556531568098
21.63767764024115,32.93217308069936,21.196171610234163
21.657241839861012,32.94124055910829,21.26587620258072
21.685155206714736,32.95776775752432,21.27514964324164
21.713525297375924,32.97423519812111,21.285558019360277
21.722165982891678,32.992129219011055,21.304018144482484
21.7405356072536,33.008452846433116,21.322868142206644
21.760027073944812,33.02472340756619,21.340685380826475
21.77036494402413,33.04392435261888,21.35097913424982
21.76354163674296,33.05833184315,21.363884772906335
21.783006756319907,33.075890021366966,21.37326468897868
21.792609589333757,33.093383157384395,21.393713089824004
21.822209881227135,33.10190989092461,21.4524577398052
21.859119757547536,33.1148139597799,21.471865243218613
21.886269352080333,33.130660261980886,21.48165740339372
21.90510269754357,33.14794466129744,21.491147587328257
21.914178298642003,33.165182834163595,21.51125409807733
21.923309171734395,33.17917679182341,21.570595109817315
21.92331433635819,33.19478460537728,21.60770232894427
21.932579496204898,33.207405754630116,21.65664128543977
21.951298925390134,33.221429890071924,21.68413106972906
21.97958340516475,33.23686943333662,21.693976054296076
21.979524941147876,33.25670367830891,21.70371691690878
22.006288326241734,33.273528104190866,21.703723328290792
22.02435025032966,33.288767107519064,21.722646691219474
22.03257255790602,33.30670280196797,21.75098784350756
22.07020123801101,33.32186755250821,21.751003045456162
22.088248788150395,33.33550809973554,21.77894444178877
22.144737186686115,33.34469327012814,21.798128156582102
22.173305060621928,33.35974457528475,21.807445487441083
22.181953534693868,33.377654358158814,21.817364035559205
22.192031505811446,33.39528479472102,21.8465055500455
22.194398500644347,33.40847480915306,21.851932120158644
22.193337018160324,33.42624270939092,21.87150429410507
22.219081389895976,33.439571632236635,21.892394783985406
22.246221540341807,33.45282200951906,21.911761397794393
22.273175635397838,33.46746712152513,21.921718298624157
22.330796014967913,33.47915839653713,21.921700191552237
22.35581522389862,33.492214165541604,21.939855083258795
22.391924609071665,33.5079384213971,21.949214333033876
22.420278494893747,33.52382963971727,21.949204513326116
22.438422549715533,33.53821616775316,21.967512555472197
22.473774786227665,33.555249412952655,21.967506129446825
22.483313665362733,33.57098358172505,21.986473649908927
22.509086305402537,33.58376598295815,22.00578165565462
22.527645636524475,33.59793932301623,22.026150699540832
22.536823147922778,33.61208587272542,22.056128197148784
22.555978859662446,33.62760091923169,22.066221954493095
22.5731911472378,33.64306227087487,22.076065191362304
22.60108814964261,33.65416154085418,22.106369238639008
22.61992601836134,33.670927955371816,22.106165383325298
22.627926269478117,33.686209772014934,22.12553226748171
22.65477816472785,33.70144234755794,22.125519159150734
22.663769545486876,33.718065019516835,22.135124259385503
22.690786259348155,33.73176389230287,22.144757579211
22.690755761917522,33.74829301723093,22.164331150015474
22.70895259652525,33.76474834431213,22.164351094623033
22.718020546745738,33.77971924200222,22.18326486786383
22.7180014051867,33.79748337801046,22.1921339876588
22.7276828146112,33.812333004666336,22.211145481977102
22.736464639351933,33.828560280675035,22.221916789075127
22.753779873835633,33.84043434188218,22.250020683422218
22.748305197419786,33.85637374777849,22.236320826001243
22.7573714844469,33.87242978496638,22.247064573343547
22.776314470542637,33.88701508561182,22.25711786444111
22.78571652655845,33.89870827464978,22.29670677325325
22.821632782892017,33.91182563697832,22.297674669737297
22.82974808602897,33.92912205155158,22.29822649508717
22.85869044579556,33.943515995097435,22.298548291859458
22.866999841404198,33.959258204742355,22.30826850253673
22.894750093736878,33.967882479951065,22.346028659261396
22.92049036719423,33.97929547635559,22.364696310801637
22.93028305235451,33.99350260293889,22.384081514806763
22.947997412472958,34.002037280679026,22.432311846670483
22.96494240606413,34.01610239205577,22.440685379738415
22.98452075227422,34.02874366346374,22.458886059468806
23.002590126049217,34.038403452152686,22.516265897476774
23.012353366171247,34.05100359289545,22.544923770147165
23.029743878667535,34.06213628990573,22.572089009189796
23.074614356746388,34.06763837061475,22.61102937389834
23.083128035301083,34.07867390599744,22.647362324844938
23.100582624312878,34.089691063985214,22.67383911324134
23.127460826038554,34.09928426051841,22.701786857573843
23.146007954261304,34.11305262319728,22.711769342797137
23.164488994490565,34.124013549134155,22.739824180972587
23.20099691543704,34.13633318093779,22.740843233822957
23.227496807383872,34.1472028864605,22.760314296766907
23.227486048062055,34.15796652752284,22.80766127789752
23.25563061175311,34.16731668274484,22.835685571838834
23.29064932153345,34.172454346122244,22.88328171294087
23.317566890396463,34.18587891150471,22.882678977078005
23.32566882720912,34.19789797614954,22.90909219699225
23.325513011968543,34.212658256999305,22.92753954041994
23.342714238592965,34.224600172354315,22.946205625258113
23.369325769994866,34.2364995816285,22.95488698478706
23.387783009684494,34.24698745968121,22.98267203828216
23.3970258255311,34.26016585277093,23.00151118658718
23.41482923166838,34.27052240298169,23.02876038744142
23.423207038037194,34.28495786940708,23.037338018787494
23.45867401531051,34.299202203523514,23.037307338659915
23.467277153518484,34.312189137140166,23.056418635760274
23.46104323079697,34.323594655164364,23.058506328049916
23.478756982904297,34.337891204658725,23.058559020686868
23.487876831507904,34.35352067477517,23.058608479039712
23.490742793811293,34.36075774238755,23.082249981686605
23.491146887623827,34.37632753423892,23.09153402884088
23.499799459472992,34.39183559980075,23.09156627260732
23.509794429098374,34.40591952840601,23.101058222051844
23.51262690826132,34.41431420855699,23.113570078971566
23.521154702129625,34.42831535907638,23.122849948341397
23.521204951901336,34.44226434133825,23.141799108390877
23.54034376818119,34.45480483742173,23.150840612534385
23.558219531452174,34.465949043321665,23.17005660694191
23.56766533403716,34.47975644424022,23.18009124336209
23.594160231088427,34.48944284081335,23.198241094965823
23.60298677831588,34.50452426352669,23.198255439210456
23.611618752523317,34.51684956050799,23.21663384025802
23.620279379201538,34.5277721305335,23.245023233250294
23.620292622069186,34.54136735347703,23.263942890218065
23.62030416894228,34.55360611120363,23.292881943133693
23.63044170534996,34.56305595105567,23.32994635130967
23.65600186474332,34.57381865598916,23.33910783028258
23.664534584037728,34.588599860986726,23.339279859917642
23.69887955130559,34.59658564155919,23.3580796431892
23.707461631764676,34.6113394457949,23.358823400159455
23.717180282178106,34.62332395842358,23.378155829210638
23.72531092982578,34.633897461654726,23.405828999499917
23.742792434031585,34.647156232007525,23.406620145199398
23.77072543222552,34.6576571331462,23.415705827096318
23.779864279215662,34.67214844578324,23.415969535609225
23.788815413022306,34.68388763323988,23.433126330324015
23.80677675283941,34.69290954365765,23.460662351104506
23.815459755945543,34.70190756105544,23.497118296263974
23.824494891092154,34.713540082892656,23.51455318062725
23.82450070973172,34.725143318076874,23.541931088916254
23.824506856041257,34.74070582170261,23.541950542547823
23.832624374047946,34.75487818684035,23.541965136316417
23.832630848315862,34.769000487013145,23.550841255740664
23.85848090478877,34.77908646447068,23.56010712952481
23.88463697458599,34.789112692579856,23.56951822074424
23.884675830678642,34.801774556161924,23.58792944045998
23.884715714886006,34.813060866646865,23.61461961243164
23.911183890191925,34.822984407590035,23.62393237455813
23.92957520438833,34.834212200386624,23.632781625388393
23.94659228671233,34.84672189898852,23.632786376862878
23.975148933422144,34.85521264468578,23.651332868246627
23.975151814145697,34.87029780078786,23.65133677647932
23.98343710645138,34.881360710770274,23.669561749715793
23.983437362480878,34.89502878766366,23.678753332098637
24.066072979562076,34.90174647377678,23.687351757595202
24.101730317363735,34.91122972163874,23.705032083671114
24.10173094167789,34.924791902466794,23.714405434825075
24.10173159192992,34.938302939166,23.722958595114378
24.11097735961856,34.9517624553121,23.72296994364699
24.128478544172477,34.95992032058327,23.751583822251487
24.13682947631108,34.97327540282141,23.750877739953843
24.163286629385897,34.981360085534135,23.768088637836673
24.16328240579022,34.994663443657686,23.777048417924508
24.172820385710246,35.00530219760045,23.7947599756748
24.181560725284818,35.01330163203959,23.830677998580818
24.20001508704852,35.02519630629678,23.83062689643036
24.20867881738595,35.03315153758075,23.865729214342267
24.216798734165124,35.04498290309108,23.874127010272655
24.226193474247776,35.058081300945716,23.8741142583885
24.23451007078763,35.0698135915462,23.882742902697775
24.253072376722525,35.07629058670981,23.917420749413456
24.253036725494848,35.087969911712705,23.936404926261776
24.271025996082802,35.09960821360121,23.936401458675228
24.27096829430433,35.113814240197286,23.93639872186025
24.270913128543626,35.12666865153601,23.945712094370105
24.288243223176018,35.13555935086357,23.963768879675044
24.30641673430633,35.1444342672146,23.98255504694326
24.30980327035601,35.154437555870956,23.967742918600575
24.30978782189105,35.16712961839235,23.97671597824235
24.318786834575526,35.17719347174441,23.99402060266638
24.336482801397313,35.187223221828404,24.002598123313014
24.33649046138743,35.201096797219144,24.002600417203
24.353373393300544,35.21233916918874,24.002599199484344
24.353383228107145,35.22353609213956,24.019993815176626
24.362274683415052,35.23599694171721,24.019989245794115
24.371244406805737,35.24711837034043,24.028377244525668
24.37125145020689,35.259501940127336,24.038626720445542
24.42630607515703,35.26783538677183,24.038621666130254
24.442921030187996,35.276292056204696,24.05735894152682
24.461047368235366,35.286000867423795,24.065951053937134
24.46973684255085,35.29693947444104,24.074386233580878
24.478276915680876,35.306581553468085,24.094450806508473
24.486959910811937,35.31747543979488,24.104131697830894
24.513414973217387,35.32322306198253,24.132112008310205
24.513432745647865,35.334047194958565,24.151066402940913
24.513442716916323,35.34611330264331,24.160563269785502
24.530734245557873,35.35303149094821,24.186814893615548
24.53073470703417,35.36503421683547,24.19630491458612
24.539562397026966,35.37318266985064,24.2241053020456
24.539559014215328,35.385074697419206,24.23201313079802
24.54794939341537,35.395669270812526,24.24017855625746
24.556992080160914,35.407512401715934,24.239955196223008
24.5569875872391,35.419319371000185,24.248199008373867
24.583173342942636,35.4272776368359,24.256619893458968
24.58316920293146,35.436489309042685,24.28373108244865
24.5831653400917,35.4482039036091,24.2934484307483
24.609084553484653,35.457336616319274,24.293417935222624
24.63547601554568,35.46517311531748,24.302469625927397
24.64441934090614,35.475519351247314,24.31190890055096
24.644416585346075,35.488362016880664,24.31189298031617
24.64441390886141,35.49862606106162,24.32940826723018
24.671202377615113,35.50509453934297,24.347421185836737
24.67960593756611,35.51660961349807,24.347410764396663
24.696737464563615,35.52554463064168,24.356968628352128
24.69695106975101,35.53565856761537,24.37355242824256
24.697076122260814,35.54827311826872,24.37348258705383
24.70618649615169,35.55833618908713,24.38267273711238
24.70620707335651,35.57089277013597,24.382681305279984
24.70620918387807,35.58214633340136,24.39118179341816
24.715518924353677,35.5921188547413,24.40052872377486
24.709391850690437,35.60195928839538,24.3859562371764
24.709289397035274,35.61434007881734,24.385970908009625
24.718036583556497,35.622933440721624,24.404920224525057
24.726485220514505,35.63399902383954,24.404930291868357
24.726476431958407,35.64503826310854,24.414827312323816
24.735344254063452,35.654797247530986,24.424368454657333
24.743535021180765,35.66576470956957,24.42437372418203
24.743539600901716,35.67794190036114,24.424377909046953
24.753069973639896,35.68883489361013,24.424381194432634
24.771495562216984,35.698450842582446,24.424383729077675
24.771501192608785,35.71050422311232,24.424385632991807
24.789541098408687,35.72004049950788,24.424387004232962
24.78957879619268,35.730789399579514,24.43357363899848
24.80664890595946,35.739023426878205,24.442452951710255
24.80667404581824,35.749709920067275,24.452186460554024
24.824286863312835,35.75911730828743,24.45218640163302
24.833199039300922,35.76727106025791,24.471098059247996
24.84137343363456,35.777858242448204,24.4710975777517
24.86904419700553,35.78471400726472,24.480705228654134
24.869051649222445,35.7939590080792,24.4973100149945
24.877780747671533,35.804434298100325,24.496923226046874
24.896093045208122,35.80997069196298,24.52483399039887
24.90434393816503,35.82040524938713,24.524701844344413
24.913296642342463,35.83081806675281,24.52462085323408
24.913296498189144,35.83997183163359,24.54363448353302
24.922254479435527,35.850281603257045,24.543417647491363
24.941064230505344,35.85816673052834,24.552589883525506
24.96804633674023,35.86599826983829,24.552565223838837
24.96825146144463,35.87748585840663,24.552567470193242
24.98637862699115,35.88403101594696,24.57120695599291
25.003921142615127,35.89299980514477,24.571218576174996
25.01267151337865,35.90316731107686,24.57122659878735
25.04000663265241,35.909630176234366,24.579971188262125
25.048262499531532,35.91851744696138,24.588873896094142
25.056905803457795,35.92859199800014,24.588876145035023
25.056914711736894,35.939858003245035,24.58887812049591
25.056921323552032,35.949868181655496,24.59789797867518
25.056926501001936,35.95984579099425,24.607383771379528
25.074902215201096,35.968586559063176,24.60735907173324
25.074905900241344,35.97364379072435,24.653504568351597
25.083474303774594,35.9835398555643,24.65348499150622
25.083481927021552,35.994615087064304,24.653473180246266
25.08349285268267,36.002016347629876,24.68109612260496
25.110527228045253,36.009403660199276,24.681095085357132
25.118253390055212,36.01913652337117,24.681096391551478
25.12644765814376,36.02885940971362,24.681098857808266
25.14345782393308,36.03734729362284,24.681101834835076
25.170011874528573,36.04460995876946,24.681105007424904
25.16993941631231,36.05426876712468,24.690986158596182
25.16989310510154,36.06389202989858,24.700439922199163
25.16986204091224,36.074695728395085,24.70044318636716
25.196503819682434,36.08184748343741,24.70044646153742
25.2046950467364,36.09138943780766,24.700449748003436
25.213461114097246,36.09970491814504,24.71019237493376
25.22202113125403,36.10677320379407,24.728928062834594
25.222013098079934,36.11743066977401,24.72893134636066
25.222006408508637,36.12805309011928,24.72893460817681
25.230489046950346,36.13624278495333,24.7385683194605
25.239622908650666,36.144402589218856,24.74750329436178
25.248043801690415,36.152532687749925,24.75625209982813
25.24804014452447,36.16303631790026,24.756255043970004
25.248036935307287,36.17350555165155,24.756257821313003
25.24803410400118,36.18274628638316,24.765067017046682
25.24803159486495,36.19315043657204,24.765069407399306
25.25696501139681,36.19875820745582,24.793449327276974
25.26642569123564,36.207955804652826,24.793451338330584
25.26648774430429,36.21829371076282,24.793453183401624
25.266489780081884,36.22620639582048,24.8121241336026
25.27526509188046,36.2316926126055,24.840611199386352
25.292240713637668,36.23954543791271,24.84064559441128
25.309694258460013,36.24619866189736,24.850443096120465
25.309668364503874,36.25638872304558,24.85047029171466
25.309645983953484,36.266545635588486,24.85048790503226
25.31854624966137,36.275485678864925,24.85049759270924
25.318530284641138,36.28557946169782,24.850501534363815
25.335826517308973,36.29327686903455,24.850501637500102
25.344572361520672,36.30212165419399,24.850499348061053
25.34456274547714,36.31212655625038,24.850495681988523
25.35300127678835,36.32091739949965,24.85049131813571
25.352994220768498,36.32967764261002,24.8596220813687
25.35298811595253,36.33487362624265,24.897864656136548
25.352982799948805,36.34476836105724,24.897860200027157
25.352978142350743,36.35228962553139,24.917262183224114
25.362092810569848,36.36094949352327,24.917258266110885
25.362089173860003,36.370757855398864,24.917254651273893
25.362085934189693,36.38053445358965,24.917251334873075
25.362083032395766,36.39027941420023,24.917248303849515
25.370571424852685,36.3988189404071,24.917245542904766
25.355433910753522,36.40605833636412,24.91166296643131
25.355431748895896,36.41337488385845,24.930240384155095
25.364415468228025,36.421838100658526,24.930238367191123
25.382678313634468,36.429111859463084,24.930236583780427
25.382880402170066,36.43873120074713,24.930235026806876
25.3914693320842,36.44713615100261,24.93023368733351
25.391471503198158,36.4566713228101,24.930232554156486
25.391449583007834,36.46499993794005,24.93937085432382
25.391420400782426,36.47447054053736,24.93937009179092
25.391391206464554,36.48390950896449,24.939369490670103
25.39136476811541,36.492156477706686,24.949179541489073
25.39134183554003,36.500366399610265,24.958922222335417
25.391322311155918,36.509715594344584,24.95895511542761
25.39130579172036,36.51903792895338,24.958989429032677
25.391291807761103,36.52833153695068,24.95901540515622
25.391279920592567,36.5364335232529,24.968483156067858
25.39126975434865,36.54450950817298,24.977415648978912
25.40009492759376,36.55023695305547,24.995694763488395
25.409136365192502,36.55711492498611,25.005432296659464
25.409129737413465,36.565121180802855,25.014521975195525
25.409123914695428,36.57426265758551,25.014517390044457
25.409118770096235,36.583374842729285,25.01451215225079
25.40911420153545,36.5924578587547,25.014506696908885
25.41761478045565,36.6003597761065,25.01450129170811
25.417611131001248,36.609387916165254,25.01449609301245
25.41760785158323,36.61838723239562,25.01449118508742
25.41760489580308,36.62735783856416,25.014486606641594
25.41760222466806,36.63629984729301,25.014482368373038
25.41759980511395,36.64521337010328,25.014478464362426
25.42700645852078,36.652952567450065,25.014474879352694
25.427004461212533,36.66066367270938,25.02376663730661
25.435945566374947,36.668352655381256,25.023763628297385
25.435943906054536,36.676014701516316,25.033004247979378
25.43594238857586,36.684799696971645,25.03300172708249
25.445168939039558,36.69127149256401,25.042267566543288
25.463987326305347,36.69773026238701,25.042265452991398
25.46465088289503,36.706485519396864,25.042263516521597
25.465023343855318,36.71519263999543,25.04226174146273
25.46523713180723,36.723861729654274,25.042260113600246
25.47431069491902,36.731359898498766,25.04225862006995
25.47438712254939,36.73996919031561,25.042257249241153
25.483398875476738,36.74626921577292,25.051372953313994
25.48342995452119,36.754828225312245,25.051371797348132
25.492825560930672,36.76222951696814,25.051370735446927
25.49284005837392,36.76960174161743,25.060902750536442
25.50185345874381,36.77694251811652,25.06090185406238
25.50186110974532,36.78540259002723,25.060901030312326
25.50186688082493,36.79383603061503,25.060900273415644
25.50187132066739,36.80224294805539,25.060899578016844
25.501874791084578,36.81062344338812,25.060898939222582
25.50187753751912,36.81784706400024,25.07024962373711
25.50187973109821,36.82617800683736,25.0702490850936
25.501881494269035,36.83335464549445,25.079322416202043
25.501882916783153,36.841636384144124,25.079321962617634
25.50188406589395,36.8498921579567,25.079321546652217
25.50188499301241,36.858122059568416,25.079321165376943
25.501885738149223,36.86632618169619,25.07932081609279
25.501886332943613,36.8745046170069,25.07932049631039
25.501886802771114,36.882657458036554,25.079320203732067
25.501887168238795,36.890784797136895,25.079319936235667
25.50188744626519,36.898886726438285,25.07931969185996
25.501887650873847,36.90584048985114,25.08906106995265
25.501887793785325,36.9138948410481,25.089060866514163
25.501887884865827,36.921924047138184,25.089060681153292
25.50188793247163,36.92992819952356,25.089060512433143
25.501887943717296,36.936786634536304,25.098212948874938
25.501887924686788,36.94474390781541,25.09821280954317
25.50188788060174,36.952676390477734,25.098212683148226
25.501887815957005,36.960584171915706,25.098212568632857
