-0.23510233927397814,-0.3206491166962189,0.02726007615687827
-0.5061072515029729,-0.4924954698227866,0.07920087581461269
-0.7948310303352066,-0.6071182794243795,0.15121770054496633
-1.0086849456243407,-0.8698020616275269,0.20007097796746645
-1.163365376098351,-1.0170729774545735,0.3061663581744586
-1.239722999221658,-1.3101894326926824,0.36881864485220517
-1.4986196794571276,-1.4301696346771693,0.43263388783862394
-1.6541534517115135,-1.5725259208485678,0.5208525735713484
-1.8401903868546308,-1.7318602172134505,0.5943401092837526
-2.0443118585657096,-1.816154868698913,0.6825753551076462
-2.199975742678749,-1.9946908272441743,0.7582276381485226
-2.3124957153524757,-2.1750700765849005,0.8315759365877335
-2.4123437338858826,-2.3304132572488645,0.9244273278323586
-2.497674449211558,-2.4956562466535317,1.005522141813229
-2.590516497723142,-2.642704870219879,1.094408320158965
-2.6185430033884414,-2.6554375708426146,1.5081469789311859
-2.641369888024913,-2.6945102897296453,1.970520502897338
-2.667629841901249,-2.6773066264654157,2.4148746330113813
-2.668607490034378,-2.6430291362257803,2.868000828041315
-2.6514249700301566,-2.643638723397168,3.3102413711358287
-2.6412494114551395,-2.6055437874454044,3.7286126133655206
-2.6258477191107605,-2.5803853025627297,4.216404541508032
-2.610425754767067,-2.5454065906205336,4.71577952398036
-2.58380886374807,-2.5111391204133224,5.220090907607277
-2.544235787880198,-2.4624144764833344,5.682819808649096
-2.4915109727872524,-2.4147524149845383,6.165616111411908
-2.4361273160136285,-2.3853715698747893,6.691258766081484
-2.370298674842705,-2.3087801511292905,7.1471269230585355
-2.346803188027231,-2.2446191480484132,7.624190565984901
-2.2400823367365827,-2.1205507948670674,8.046081626198086
-2.163289826249219,-2.077170865336171,8.545702923826608
-2.151214601566577,-1.9376812492719404,9.029021024247418
-2.1151337775118604,-1.852902622563171,9.532652358832287
-2.0637224113886266,-1.7679116420734093,10.010574303288585
-1.995685073601596,-1.6278640405874223,10.487056332768555
-1.9073912286510852,-1.5144675055639139,10.943933940832373
-1.7873169489667844,-1.430001021572985,11.380631670419524
-1.6399739950671874,-1.3502964152255554,11.818657049733435
-1.5758084827934673,-1.2869187067806862,12.317649285635591
-1.4574492988864463,-1.222146223300918,12.784207169665473
-1.3324390066270713,-1.1680366395162554,13.253625946559323
-1.2844710772683212,-0.984347785585624,13.696700309588023
-1.1943538188753542,-0.8021017327763406,14.13262532229752
-1.1301342647871615,-0.5703105422443853,14.587969736092704
-1.0431641076285658,-0.4764267009684615,15.064708995440315
-0.9518885554701787,-0.29658361460909943,15.448739677031897
-0.8612095394728005,-0.11216259512578354,15.899303601456285
-0.7149015163358015,0.001775323173427975,16.353502980715763
-0.6123588504586889,0.1548952090134852,16.74238229570445
-0.49282494221413364,0.30655240373986936,17.186898995108788
-0.39905165031621537,0.41858540967500546,17.633091761668755
-0.25147465123098206,0.5612890028480424,18.022492584507084
-0.10069910540188275,0.8316523920663819,18.413878689699196
0.02867787863765143,0.9397821712810829,18.874918209413263
0.12272079287613698,1.1115071525418565,19.292397517913084
0.19333722537453743,1.222762019810796,19.73736839805947
0.4597438797195183,1.2994273591092553,20.17001454510989
0.5317702459960649,1.462377161519957,20.593010614075737
0.5454180112011354,1.6536393180309694,21.047912573133836
0.5671948930417737,1.9810902842774682,21.460111046087864
0.6646061972945961,2.0431287533522973,21.93660196120501
0.771761617847931,2.2071690101143253,22.345807831074268
0.7920744206622939,2.379457572003774,22.825353619151873
0.9556800139769789,2.511350204890503,23.25537248552676
0.9709659661155082,2.6987002327279037,23.72225631862593
1.0767184873033748,2.846572858249065,24.14809282587298
1.2157267544161587,2.987353331871563,24.553469210435743
1.3833842104080392,3.1530135789892757,24.939884061664802
1.5138051511827988,3.3217276508545472,25.34837634434249
1.7105910122754704,3.4320323087478313,25.776259501917757
1.8644582242574048,3.567249454531033,26.201995476823075
1.9811301061142357,3.6594750921188712,26.628476750742337
2.145940658260818,3.91795835383591,27.005514400994322
2.2511041140396566,4.099823789168309,27.40900200784341
2.3805339136753205,4.3631813414496925,27.789925014234058
2.670007235265983,4.659882164908086,28.139672858478797
2.8022100884324384,4.869670850309508,28.51490535385706
2.881139925920286,5.13330849195855,28.911273087045384
2.8889770647291315,5.426437007041718,29.320979314720017
2.9532025903796635,5.661655523047606,29.7191568992809
3.0689298485268024,5.851429972562104,30.10779473653804
3.257895471597367,6.1098292370196114,30.47372360157332
3.3307207979598275,6.3886396253679765,30.849491329711686
3.3514756080286725,6.51880345278099,31.269634955075322
3.4317031143098746,6.681981653913947,31.667815769943445
3.552222406347899,6.874488885160434,32.07256197610873
3.7830586711257985,7.143659883294946,32.413476956098144
4.018384128329103,7.168158069195031,32.81711047994057
4.071530044714866,7.329882959809094,33.221877529355176
4.352491628004463,7.451348752170271,33.57973706681947
4.5750153110465615,7.7271305504749925,33.90655980147122
4.703772938336172,7.99565589269592,34.26165975327277
4.87112913150858,8.11272894032414,34.667014618849464
5.1326529947584705,8.264404613198408,35.026318880408546
5.358199086176972,8.476074603611963,35.36416916388161
5.589082999280487,8.609037791086905,35.713984191996865
5.841978288001692,8.759592896052267,36.07311873506176
5.924429779368447,8.965684856852208,36.42768052272376
6.180265813722433,9.16695832263272,36.74382525602219
6.412331869644171,9.377598637263484,37.078162263354706
6.593583674164893,9.657294567106678,37.43641836210108
6.7027057011373685,9.87334788730484,37.81956745080994
6.894457877806552,9.94358037260502,38.191508899585486
7.16221714652091,10.04416181910116,38.55018465918016
7.299611453901957,10.301067995278258,38.891767258901716
7.4985712482266385,10.39902909348192,39.244040153688346
7.70668504470189,10.510040084881052,39.60583712994377
7.934175644273831,10.780470141362478,39.952784681481255
8.139464384180386,10.96076305762433,40.27454515266642
8.342154083395906,11.093520472921155,40.57778148006156
8.537390055589459,11.301547394810726,40.90561221719494
8.708435142190693,11.471314281348532,41.24809774013145
8.803255496357522,11.591272778070998,41.61718675705997
8.984948392729233,12.08073419213301,41.93830311596216
9.143528355735992,12.263008569751793,42.29005800772332
9.290436366079808,12.454422886202778,42.64064694902899
9.373766331680548,12.563961527404825,43.03196530790945
9.52668095926866,12.776704784078682,43.36795016146837
9.710872018023643,13.048088567247465,43.7017153362104
9.796319403353927,13.226594755158569,44.019393124964665
9.890553137505975,13.525194120861107,44.35512825435226
10.208581550752022,13.75655615464293,44.65924972942661
10.363745501465758,13.991725921744937,44.9701797851395
10.658978939804605,14.100955899790362,45.29911870150855
10.812756799521056,14.206512143272526,45.6303300032944
10.83741629827173,14.393957788337548,45.98647827647136
10.992734783580145,14.683785308817123,46.309415856025154
11.045768401355083,14.989615255567147,46.616484586706
11.184443741502218,15.301133992298148,46.92175996121039
11.384187937733403,15.537068326446274,47.22993625027192
11.623739022654144,15.725982130332598,47.507768272280956
11.771869542206357,15.802112189313904,47.847097741714435
11.987831399645554,16.06867357676183,48.14210192960821
12.157994549141913,16.551631845545156,48.43041282761983
12.314384005075278,16.700537766592802,48.7605088064648
12.451811658977295,16.97674906285512,49.05372371219125
12.68954984543732,17.19116027740777,49.330123404612614
12.909173721381183,17.48515184492051,49.612179625150596
13.050468170938803,17.71248778004882,49.91410223557753
13.177741920911899,17.863555384704426,50.200941314733946
13.388372205477419,17.976440322325683,50.50728315351228
13.543184527131285,18.198351440049912,50.78026967880373
13.822023793545979,18.34175212969963,51.05965713451021
13.97919996268119,18.58601701870577,51.35195635708142
14.20103730874516,18.688303601397443,51.6547153473894
14.44064822794922,18.819259145823906,51.97790618585415
14.6041070402448,19.079455516190485,52.260005085627405
14.79926619007801,19.230851865841682,52.54390388687634
14.901031707577221,19.41708885845129,52.8398741677834
15.075291690860043,19.7660882175577,53.124360569768875
15.15702566278416,19.893894655952284,53.44289178017548
15.256125055539076,20.098170163063052,53.745787121922866
15.724759562004897,20.162606864885166,54.039057894096544
15.95613472419235,20.54375820435934,54.32143654256643
16.150109201339856,20.76841561834746,54.61680109979619
16.356024152642444,21.01957171458759,54.89372613927834
16.554051684712814,21.134041684798333,55.17929413603939
16.761009079785087,21.312160473585514,55.47138754206358
17.154700703754287,21.4961498518475,55.74786360400941
17.228225302221585,21.64540356085095,56.03600218323729
17.521592091057165,21.742186835307688,56.3199395445104
17.718791646028066,22.022752690128296,56.544554847876704
17.949820789762768,22.266115827524608,56.79579490903121
18.15715384361262,22.498055790962255,57.04635312224045
18.276363125315285,22.805742585774937,57.28846932445961
18.527105512562095,23.060097961071094,57.51824376135428
18.609817858683858,23.260874774248347,57.81195579311264
18.858953021281813,23.69197130268386,58.07022382039928
19.224692621752254,23.977245586066896,58.28899336424897
19.260397152683403,24.157904038699783,58.55891518509296
19.396151083847222,24.605554444145742,58.79541710812873
19.651261063309757,24.7214523946697,59.06359682780827
19.75195405107571,24.768832296945973,59.34276354957429
20.029730282092533,25.01928636206088,59.59300755299279
20.365411523730337,25.069606447807868,59.8400426212135
20.405550772663698,25.156531002581833,60.10075371963259
20.54685765641901,25.64121772680714,60.34161885676914
20.79206577324445,25.77589556250257,60.56843788473779
21.015175962002175,25.902512497947665,60.836484878207
21.128943131435282,26.095048989428225,61.07431564369389
21.426279628046228,26.22988517404458,61.317769124254916
21.5244376571578,26.48942050323901,61.583429094189626
21.68239342837342,26.64109571285339,61.85520939436548
21.838732265496656,26.84902739830243,62.114760961488756
22.163859953501632,26.941236124342932,62.35952190550559
22.38729961656715,27.210954690398626,62.60251932816999
22.494371922555843,27.460255222148135,62.862360173967055
22.571227621792378,27.748146468346214,63.13010826942282
22.708088193468743,27.82304436391462,63.390312846087774
22.789041176642296,28.003640413854328,63.65372352485454
22.946026671038577,28.154268728232033,63.92651016753618
23.235637112521353,28.27957074454368,64.17439587852705
23.372281185271536,28.52515494312257,64.41348201284471
23.47533498259824,28.875922154877912,64.65274037623156
23.581391544106292,29.131888173901935,64.90500954423052
23.670355293538655,29.161101163104014,65.16579581446044
23.818847312125452,29.23537943641773,65.40595619354929
24.099811014611355,29.351983213903157,65.64292345045746
24.402976938804258,29.485457214155076,65.90194726685375
24.63900429078133,29.634153668247794,66.13774782301773
24.722652414712158,29.770376182205606,66.40264327690787
24.984207843434355,29.93312944046628,66.6483606640373
25.01795074957296,30.0611165745508,66.88163047527763
25.17055838847164,30.247360249046036,67.12525258005383
25.448706628572694,30.444383425026302,67.36362380639822
25.57997425234743,30.69317609504018,67.60222261231507
25.712088344056102,30.958580902243515,67.83544083986472
25.96949492381597,31.16689873587893,68.06041158675941
26.21772482146693,31.5008792308555,68.23420829247355
26.393292512867525,31.828471134546497,68.46682939113896
26.462014839086102,32.035842655426336,68.71540178628796
26.665176382937066,32.25726271299116,68.93577369453784
26.874463078794825,32.508118392346574,69.17214528466114
27.16488698119187,32.70058823287542,69.38833592975674
27.33585376355703,32.72815779659941,69.60978942320838
27.49023815934814,32.910347901157344,69.84761810348309
27.716278892267784,32.95432048412647,70.11187283413427
27.94231670179553,33.21274976145505,70.31271383822428
28.32330796578434,33.277091907079075,70.53332915942653
28.40816114157318,33.51052359960346,70.76996454382181
28.723468216367884,33.881126185482366,70.96181587750651
28.818330948214935,34.1421808146173,71.15390432727611
28.886460772176555,34.27458314693896,71.36202924975731
29.009462368552846,34.393861357131044,71.57332431345588
29.144174238099332,34.697128027344284,71.79294137368669
29.308934642955343,34.82420570384866,71.99375571207801
29.45580539948547,34.9718371840863,72.20540866567335
29.61176845608734,35.107419483404364,72.44241664969694
29.693126041719086,35.270553098167746,72.67346614689741
29.79974122888499,35.53730586748938,72.90372328932763
30.0209112109384,35.632725021132366,73.09657646385453
30.18670864610752,35.79327847249506,73.32245993816683
30.3911252196959,35.893145144528134,73.55170058540077
30.45339713690182,36.18674969075349,73.76611507003032
30.757510859097764,36.23511164718504,73.97633804314712
30.856376867148807,36.498260437611656,74.18888771802273
30.99132282927374,36.65768519116248,74.40950225771435
31.148447930380303,36.888892931061534,74.63231578727051
31.217161977231772,36.96964309819523,74.8530821608131
31.383461087158516,37.07765855684157,75.0709924630813
31.431760550713353,37.26998663510867,75.28501144201151
31.629825854950237,37.35630740373109,75.47307383949152
31.863489209068707,37.62681767511272,75.65658085006781
32.20415796654877,37.916553161628784,75.8294051625972
32.761417423628544,38.07509487573187,76.01158160638785
32.91657805763361,38.34702271644895,76.22282184234065
33.08750205368919,38.49597253456169,76.40319559247502
33.309594340429584,38.77609768492609,76.59697712998629
33.3869787188336,38.97739325738705,76.81155526414015
33.439004753981514,39.344052771167355,76.95971755817223
33.66288495372948,39.505148382531544,77.1440045117103
33.71596051833344,39.87240319997465,77.3309399798674
33.83921815693905,40.139568248284014,77.52864354353277
34.028285802084206,40.342159033620646,77.70351859800026
34.20219621071993,40.72109135218666,77.86987148541157
34.4049987536134,40.922913068574566,78.06767518457029
34.58306236417602,41.12930085077508,78.25204005791227
34.680997828788875,41.45016340761131,78.43084339247079
34.87877043180978,41.76188414825636,78.58381369446089
35.11052698446311,41.91977285722348,78.76042539220838
35.58956450184291,42.07199925091176,78.9228771402135
35.74869638506706,42.319997254164804,79.10019929225965
35.9030403240972,42.44399851356771,79.30027041063515
36.05931308669852,42.628754238672606,79.49363966533821
36.069271446080535,42.68659616934199,79.67617992036747
36.26269173717705,42.85497427168622,79.87484565487932
36.667730042935084,43.088117242026485,80.05407997051051
36.758060941058716,43.20927001901094,80.25010703655883
36.866822746530396,43.40255274915893,80.43915484903717
36.92804407780466,43.59570109569652,80.63196021130881
37.04516903660865,43.72428378386105,80.82436116117117
37.315420398476014,43.83564287471167,81.00694286649828
37.397169104189885,43.99905694596798,81.19596996368388
37.6426805527034,44.14726719884543,81.3696018101877
37.9104506388247,44.425492493786415,81.52912688539953
38.19406329124267,44.56538845385853,81.69243289557258
38.36734323342814,44.712121829321426,81.84225546999352
38.574341923099624,44.81729837145249,82.00276144411988
38.72211102832199,45.02823532018927,82.16107055203332
39.10234671441226,45.08105776848041,82.30903611109302
39.245123789317205,45.35968146690156,82.47608070704324
39.408914263814005,45.45111696594699,82.6378097560856
39.48587389194576,45.60914795845893,82.80853886838811
39.58391525388761,45.87484249483284,82.98622316723042
39.8379350824676,46.138826691148914,83.16011270115764
39.84586168262028,46.41068967565403,83.33567064733548
40.067612525371366,46.48291655058893,83.515058180814
40.252245638954754,46.622798453993646,83.67836416428237
40.36349140065574,46.868452230685826,83.84077801291362
40.56596902992936,46.9680547048853,83.98540703387756
40.83805238268376,47.27093925632763,84.1099547652087
40.96712574519665,47.463783355212534,84.28689021660036
41.163338988789725,47.704666126742396,84.43111772995032
41.381628734194564,47.91821441640141,84.56095380490035
41.56438931671726,48.21732634976706,84.70860154565233
41.76673019820195,48.280195696068375,84.85004370658693
42.005166051883606,48.38675612317635,85.03357749366077
42.22832474176114,48.458684119984554,85.19609056503415
42.465010394212875,48.49987135375062,85.36409433796743
42.62931240585656,48.71189390424596,85.52570681223213
42.93400619695837,48.74264324653501,85.67215493229313
43.13480786256992,48.93775038134554,85.8213008021423
43.254439996749106,49.27768460774721,85.97191533016496
43.62157643806242,49.41563775102811,86.11802680909118
43.68144494518206,49.6122912117702,86.26899500993521
43.73887656199291,49.890658486065185,86.39988917601666
44.049496075565976,49.962414230885,86.53454283735044
44.29655949320065,50.122340475814966,86.6902070551475
44.42333433895188,50.249174746168755,86.86005799700104
44.51876961230239,50.3304046738068,87.02654967529152
44.61599788258786,50.50460426248096,87.20676591638156
44.751732797131154,50.63720472307373,87.37881962195017
45.01120834755164,50.770365801377096,87.52528540724056
45.2714104226234,50.87581743668481,87.6783829156588
45.530145970207485,51.04636918791616,87.82117435538538
45.689501390510785,51.21340754200134,87.98856205045442
46.04281675260502,51.31734987083483,88.14995329331889
46.14662102401963,51.66823281176858,88.29973538862424
46.2720995660033,51.81669584356917,88.46392981855972
46.381809131636786,51.94113468549131,88.62377763623023
46.54398011922535,52.04409173082158,88.76026920559218
46.59063616183715,52.25099302830595,88.92170738013415
46.825819672042684,52.44305881648455,89.07698942129954
46.842763067321414,52.607256471743064,89.25016587970407
46.98835973063121,52.59429030594118,89.40111282468986
47.32090878112885,52.644812684410766,89.53586612921823
47.509368525187774,52.804364190254525,89.67451941179525
47.65494538797494,52.963520519564256,89.788672368265
47.65972304910892,53.11264885977211,89.94382538995298
47.835275655036085,53.20124800429079,90.08755811310564
47.97534102106394,53.34140552735022,90.23345816521045
48.185741344855636,53.42846799161362,90.35158261221498
48.28446746238442,53.554855524219604,90.47104676192889
48.521771738741364,53.654620425039745,90.60581866418808
48.6560551384253,53.84197458581541,90.7399846337248
48.810075415004825,54.05299417333672,90.88756267617094
48.99730260664406,54.09394153467704,91.03872597093844
49.12124477950908,54.19936653859824,91.18417881157121
49.396403430873086,54.34748027048705,91.30854771035887
49.696747400043215,54.53608814444995,91.44440430280677
49.915944808420235,54.55278120746048,91.59086504709423
50.284153080779475,54.53478512250959,91.71329580268943
50.44196399048945,54.62089372441542,91.87215448453446
50.716007576271785,54.63789635586268,92.0068362714419
50.931703991135365,54.85804055944927,92.13106906101184
51.118191417160595,54.92863815294657,92.26657643526127
51.31398865814774,55.10016648216488,92.39304264922131
51.399538611296656,55.27938528502764,92.52012613168556
51.705969424151114,55.46799416021794,92.62862553260118
51.855695717677655,55.55891053408303,92.75964329314299
52.03013112371127,55.639239831759106,92.88533924941139
52.22805942343637,55.77658226465689,93.01170373441454
52.39034603321663,56.08264337377006,93.13055566715028
52.52970560798001,56.213158330249264,93.23600456740735
52.675673054980344,56.46287942680403,93.33368768123344
52.86800599754264,56.60614874431697,93.45810354812515
52.997819243645324,56.79734484767209,93.58215976384376
53.16643504923482,56.940011050620505,93.70241261375315
53.25351139405626,57.1043008113761,93.82023246333462
53.39975088611401,57.46094095877908,93.95907065380565
53.49358105411954,57.738815496405834,94.10834136428822
53.69987512780761,57.844018587138436,94.22728187266019
53.81358995985645,58.01994064332771,94.34152392704607
54.034215122777,58.19216734362787,94.46104355302549
54.02411180531716,58.30206327361725,94.6127979985872
54.12464206103106,58.523864167496825,94.72646964238616
54.38181614871091,58.57528084809309,94.86870251595961
54.569122722885304,58.83568446912611,94.98599209523192
54.66335092142852,59.00977253483845,95.09584445588352
54.77344606167433,59.109671917556255,95.22858044882223
54.96049552540475,59.206900177227084,95.34985623640638
55.03867811894069,59.36084395825612,95.4937692420136
55.13205661608362,59.600793920604495,95.5923201182697
55.30384910296505,59.633392788569374,95.72839652688803
55.366546683023806,59.84584155526438,95.81998594864655
55.47286465016963,60.068868175625965,95.94460399958702
55.73247355191665,60.25067642590088,96.06448390685989
55.9400431969943,60.45808764093802,96.17072378825266
55.98804494549069,60.635412435307614,96.29574585757153
56.09372066835694,60.75112993781116,96.42037805792485
56.33855970289589,60.849934456681524,96.50039649028402
56.360305900067,61.083795234534485,96.6219862525628
56.417172578823376,61.21517003400287,96.74735862353162
56.556375599878045,61.365692843450624,96.87610686937329
56.607648717927475,61.526553725323254,96.99560881156638
56.648591730461334,61.80162799608664,97.11460348861148
56.75660744817723,61.83466536274192,97.2414975007601
56.88407408902907,61.996743106848626,97.36421024640025
56.9537350822043,62.23133079268591,97.47811130531008
57.04835679796589,62.29015682233035,97.6020200085621
57.15745268243465,62.37105473581003,97.73148493096336
57.20464127748654,62.46076954987568,97.86121358473528
57.333294581350216,62.5789775279575,97.97511552432357
57.39437250066473,62.67231384196205,98.09423140419655
57.59486569797543,62.84345106073651,98.21384934373359
57.66262002275057,63.09885075071977,98.32786987470112
57.70049963410821,63.285879885129845,98.42573267011898
57.8483228415823,63.57859020431827,98.52514771887473
57.95299915487732,63.822322574674345,98.63719753047363
58.176077323008506,63.88581414978252,98.74373469452921
58.32650567051772,64.03693061397301,98.8541701015385
58.55128187690744,64.11045025824154,98.95225072688743
58.72007624457677,64.2972961796807,99.05901740584518
58.87209354150295,64.44656540639849,99.16788572896454
58.873877145418966,64.55455119447728,99.28831068615409
58.97969610419799,64.74408459736898,99.40083718539786
59.094312427454064,64.94544146256973,99.52335561223605
59.21144102544605,65.07469499738927,99.62646465771674
59.299316097203146,65.16714820009675,99.7368816743058
59.43333993904176,65.32502139263077,99.835675005604
59.681752202930845,65.39644036532876,99.94936344556605
59.89968508640593,65.5253513333509,100.05781986724647
60.025909254681466,65.59675223247683,100.14316805082689
60.188441314698224,65.71363222177274,100.25394051975557
60.34689848753286,65.8031572366731,100.37308504402311
60.45677596062614,65.9063299417588,100.48610148496982
60.715473374118595,66.02172935135357,100.58584149503503
60.87577032196665,66.06973316784871,100.68780074786868
61.06051594123261,66.15860253287337,100.78181908702697
61.074210730510856,66.21603068650215,100.89328295623885
61.2436652068914,66.42416529164664,101.01082759614513
61.39442680478874,66.57999806000188,101.10642750285189
61.48437070675406,66.64850727798814,101.1943130501033
61.593006529330495,66.71785730685451,101.30571136603923
61.63806388552316,66.86266451307144,101.39768792106327
61.83497356407803,66.92005482322983,101.49862311677418
61.86474515702146,67.02030837498113,101.58879283328021
61.930365239331806,67.21958451852096,101.69113648597035
62.014754214423085,67.41849808078372,101.79862339319678
62.23207163031757,67.53409733421701,101.91089017645957
62.328200521982815,67.61756687901347,102.01051790836487
62.58572429596331,67.85679197493731,102.0995659027115
62.87688933744777,68.03073635621426,102.19374670212383
62.97265934401698,68.15146168497928,102.30236375607457
63.07037994983751,68.31780212885593,102.41546273111823
63.13921034987756,68.43698186536827,102.51429560550177
63.23393157257426,68.52190102935839,102.60766665508356
63.30895312268411,68.71273109228667,102.68517400505354
63.37856209078266,68.87683791151012,102.8056817790477
63.42181975470459,69.03369432793457,102.9150382805343
63.50567483995736,69.11470531525437,103.00129598482094
63.51680678490874,69.2460281399996,103.08822822024095
63.62784402508884,69.25579335073485,103.17719497613743
63.72121022258132,69.33715045705529,103.29217518191697
63.745782628818546,69.44328561036599,103.39480402479602
63.83996477714196,69.59690365919181,103.48147985538989
64.05322751091182,69.71448282957076,103.57448140789967
64.23985730048446,69.7781795902477,103.68088368810596
64.35448007479106,69.86626805168962,103.78184737850239
64.53022744159746,69.92122679288497,103.87745046422094
64.6686704666091,70.18999609612231,103.97221788404777
64.7047057103629,70.28465129820043,104.07409124236925
64.73796376373375,70.42155361931941,104.17559935032148
64.79049343559214,70.59176770866142,104.28226992197176
64.80062285691803,70.80968542060795,104.38140640014751
64.96319737387333,70.92901817144231,104.45704543386272
65.10525545701702,71.06244662363916,104.55382856365469
65.17872170924164,71.23131536097283,104.65133685662192
65.40963352277774,71.30162229771295,104.7608508542354
65.5752435740378,71.41273413486407,104.83679362363259
65.62146343755741,71.49124314739012,104.93918412164912
65.78826410419504,71.52843454783802,105.03040245249707
65.87678806899852,71.62891352297112,105.11379489526693
65.92624483400971,71.76362718736195,105.21584862720879
66.03172663445929,71.86605470488905,105.31594337486868
66.16013307907625,71.8813206273571,105.39584914122781
66.40148149668968,72.01038629658127,105.46391255735006
66.40585778268627,72.19077619269974,105.54602394353411
66.49944927988932,72.30644563349213,105.63441017106527
66.67558540751791,72.41756547280697,105.71367707013586
66.83054251466766,72.44437359426718,105.79321537701281
67.00491944388169,72.59897269162965,105.87624666096727
67.20965319021083,72.74924322433735,105.94850177971529
67.38610844368831,72.910719901873,106.02330255818705
67.56348239801123,73.0855936634352,106.09193378218451
67.84965912918373,73.13639216198237,106.16676764382238
68.1414839397442,73.29565922641899,106.2291283994034
68.37568012333705,73.35154404869282,106.29625125066818
68.58890171426738,73.50815959698478,106.36167228704012
68.64024990076149,73.52321090638993,106.44576960382469
68.78248137231895,73.63134686915329,106.52578665440915
68.89881167569963,73.69460920866689,106.61947696967314
68.95669784475238,73.85697184125902,106.70725974571769
69.13828514199699,73.92997713327377,106.79330447231722
69.17474451772216,74.03900891198342,106.87585787290026
69.21359313301669,74.21042218555493,106.96264221786281
69.31887787453665,74.28753606636073,107.0401945646795
69.45460003761949,74.38878933521806,107.12338212860641
69.61045263925172,74.60687252721941,107.19310198284751
69.80977283736044,74.74470774248339,107.28321127304575
69.84075499085064,74.80419219929664,107.37324584533567
69.9362404408129,74.88000798990865,107.46601519135413
70.03529776562179,75.01762910080875,107.53522986368165
70.08802278872945,75.094825387303,107.62770397669853
70.31085010584813,75.1353628236147,107.7252561065061
70.40952369219102,75.1281436185919,107.82401315322353
70.46639535850176,75.14515416868511,107.91937598816168
70.66978583960925,75.16099410022774,108.00866940804768
70.68674235911298,75.33403602408319,108.07878561265571
70.81708709138499,75.46666429180237,108.14972259992626
70.84651637302953,75.50762065824276,108.23178640211549
71.00864199339125,75.64536843720936,108.28855585569501
71.12867820111553,75.75055637167411,108.35998771330196
71.23045926446872,75.83151704056439,108.44208460530689
71.3666408999094,76.1444772556737,108.48399272349518
71.44204753720378,76.33528086336187,108.54989811975064
71.50942516987618,76.50544511700745,108.61702119958434
71.54299344044152,76.65759069766565,108.70139014534575
71.6935473964559,76.79869778116118,108.7751239228016
71.72202591751801,76.96592864007339,108.84683300938083
71.73464215173838,77.05463596701664,108.91217230601042
71.8505756901573,77.19135823004352,108.98842070284174
71.99366251778096,77.31291269079794,109.05894387623749
72.03070688873268,77.47649122151368,109.13179180590187
72.11566414660075,77.59263858529195,109.19378904906488
72.18719990858001,77.70748859685686,109.27318143174404
72.3249975634872,77.81156597320255,109.3481248805112
72.43739937451518,77.92187287488942,109.42757756912437
72.51750917722279,77.94631546893072,109.51068485456612
72.58230955224722,78.07646239022064,109.57356847468431
72.64094601096097,78.13121718356302,109.65598614209452
72.72322924899663,78.26722062108144,109.73838013163204
72.79620851864723,78.37521819587607,109.8198234819516
72.84198425186702,78.45354202307897,109.88511637179455
73.00226007352855,78.61295234622057,109.96233530940323
73.03625779331979,78.80245660144084,110.04673847427965
73.117487266086,78.84656819185055,110.12727648531362
73.13426527510903,78.87781005221422,110.20697519006711
73.20783471416253,78.93835895171861,110.28653782256906
73.27460019205671,79.00586393872945,110.35539196099936
73.34775679183429,79.04666852068598,110.44134093735249
73.36212035994131,79.1290382767884,110.50381872630749
73.44740271760321,79.28261089927138,110.56016499740483
73.54272823492025,79.3510951307593,110.63549016673453
73.66579084336088,79.51230340829467,110.7060334605805
73.78663805552546,79.57392612794165,110.78874612508078
73.93171580145521,79.58268471630716,110.8658882642732
74.09768409049205,79.69616529847826,110.9295086975639
74.14725158763537,79.84951761484893,111.01395180425466
74.24398708267653,79.93101538735611,111.06714280509426
74.33893481937187,79.9998591648097,111.13475814060853
74.4613174900581,80.05124605087752,111.20459034552987
74.55774006998894,80.11074646061553,111.26751696979265
74.66945305123448,80.19273625763213,111.35399954530477
74.78981995905833,80.31111671455012,111.42191417503267
74.80943279698995,80.49146634158092,111.49256340458273
74.88104048084722,80.57847456242484,111.54459485424482
75.04811946546796,80.71751971255784,111.59755457581755
75.2915743896656,80.91598509559817,111.66877577402563
75.4369622207945,81.00758087831336,111.73587631253915
75.53341711914673,81.04573943579105,111.80986555185595
75.6097959971714,81.15549823855513,111.878622766971
75.64713231842768,81.2482264342333,111.94548120815347
75.68680778417551,81.2798115380459,112.0140276216174
75.78105885629994,81.44160082431755,112.07480775279289
75.8769417279282,81.50748959353592,112.145207995751
76.06996728183618,81.57129120452237,112.19643678153001
76.2056151549359,81.7218122645832,112.26744739612748
76.22129212541226,81.82561533269107,112.33702468561438
76.22320860555973,81.89448925069354,112.4148269717806
76.28079602265873,82.00703356827118,112.46424008888181
76.42243471786927,82.09430461753688,112.53732545022265
76.41589930181554,82.3241940072773,112.59945014891217
76.50492816806849,82.45914650526471,112.67103787956238
76.62966676782013,82.59967433817275,112.74746210293101
76.64059230971014,82.65464577721573,112.82481591196785
76.72335034861699,82.79286977155321,112.8621194478946
76.8192582894121,82.81492133571574,112.93929314345509
76.83704343423994,82.91178151801368,113.00646369741948
76.87022687034904,83.00271793927983,113.05308471322593
77.12136369493638,83.11049306378692,113.09805927970866
77.33014926204913,83.15706999715191,113.15092771478116
77.38953703270349,83.23635088096205,113.21369614142299
77.46673436488085,83.28359319490724,113.2853586193003
77.57694074684613,83.3859621488284,113.34358392789576
77.67577313257937,83.47081130992234,113.41441918789212
77.72352861644022,83.62035702743971,113.47909568213937
77.81494872258335,83.8734757370194,113.53556254751956
77.8830271905454,83.99558869398201,113.58725674672151
77.98957837965962,84.17739492472377,113.63420408680325
78.01564662366752,84.22128958914618,113.70282399048136
78.13130009949786,84.24333700116578,113.76737875886386
78.2457593885001,84.32117203748409,113.83175673378383
78.31578143663124,84.39907051733127,113.89442689740322
78.38150698795658,84.5750925006733,113.9666069039626
78.50807402680526,84.64548372926019,114.03536117806959
78.57896882262747,84.76998313608524,114.08865946014085
78.65540400630343,84.80978749761094,114.14201534312502
78.79374102643291,84.93371827720429,114.20816236366414
78.8885475659445,85.04471808476214,114.2711069748081
79.04777250405196,85.09457558198906,114.33594348904028
79.12582722493576,85.1103427090237,114.40081781859354
79.17646271946265,85.13718629849926,114.47480378928054
79.27135616165884,85.18194842181578,114.53397240310406
79.29160859173997,85.23232822252523,114.5908466446686
79.38584935676357,85.30569462594596,114.64961526061317
79.43378430259992,85.36382369307994,114.71539859467592
79.51680721141423,85.40416784413335,114.77576230843897
79.58081139308129,85.44506656088805,114.82810901195222
79.6663045920911,85.56399075106852,114.89453557931347
79.72668002531718,85.63365305473981,114.95360226410747
79.79926643050622,85.76157444743012,115.01051127703035
79.8258989056636,85.85427291282878,115.07533921099734
79.89433184473997,85.88202560319702,115.14359713410039
79.95503668118533,85.99258987931738,115.20473388059636
80.00287824513617,86.012064394094,115.26646014997931
80.0344640430516,86.08904852359676,115.33903033433444
80.12009333389264,86.14978437988565,115.40165733451882
80.20848623671792,86.25429347957977,115.47064566712277
80.3190174366771,86.33283742045727,115.5162397534561
80.38260013299579,86.37452945359315,115.56442770828826
80.53899451059469,86.45870319349952,115.61566827624598
80.59651153940074,86.54684872687409,115.67291642231872
80.66720139420647,86.67060084102431,115.73410458157122
80.80824409870063,86.72584842892981,115.76504790624685
80.8153941307493,86.83326357361545,115.81685594247958
80.83660159695157,86.95455099130976,115.85331060842847
80.89351163973647,87.00408238669422,115.91007700802545
80.93140101667528,87.07857563910127,115.9566103546614
81.05034970175875,87.1358250566779,116.02373218095046
81.15627401058373,87.28294615573759,116.06771706751425
81.23880414343725,87.41982063774826,116.11559724174151
81.24008129392858,87.45157888355737,116.18289931647121
81.31161687786077,87.5729684183899,116.22149359046081
81.40836814320797,87.6730659165016,116.26395805638232
81.51344219649577,87.7606834680961,116.32567237224299
81.54642423112391,87.77506520613106,116.38773742265116
81.6257842072699,87.82926638963261,116.44660024739257
81.69873124501254,87.88296861076351,116.50288344551039
81.80686915123484,87.9053425805302,116.57049251343895
81.93838917544743,88.04435085142718,116.63378544198571
82.06147024534843,88.15985604841745,116.668079264387
82.13445450801642,88.27039251284559,116.72574838965953
82.32843650278521,88.27335730447257,116.77091889110753
82.4207534732731,88.3170773705166,116.8271324440152
82.43080548536318,88.42985813655555,116.87279686893747
82.47247001308033,88.50013578505818,116.92626659304547
82.56504320067583,88.50494728427049,116.98304371959759
82.68730216755883,88.58674051367814,117.02135005722151
82.83330752333475,88.64695656900214,117.07792705237182
82.95700320505858,88.69809532446463,117.12904275966771
83.01302006460699,88.7752389769941,117.18929328301496
83.0825196129668,88.79903377945328,117.24496417959246
83.18556723137017,88.84168245379409,117.29940833332157
83.22328562227895,88.91236948869535,117.34047058548323
83.220490953265,88.99014498950726,117.40217905521656
83.34814516323782,89.03684357267706,117.45496328765579
83.44782166618288,89.1123960597609,117.50648156165687
83.45744403952796,89.1568039962558,117.5645482777493
83.45627769692717,89.26454766156422,117.62888998441593
83.52152103288103,89.29797994268073,117.69225642655623
83.5493305753537,89.36784610265218,117.74458793608534
83.61967620229449,89.39851163195642,117.79884339141117
83.6167080724647,89.45690563945449,117.85597900921728
83.69287269559884,89.55253368161856,117.90907204722613
83.78170865814879,89.63914768324122,117.95136381604777
83.87469378582723,89.64881710959634,118.00869583460808
83.87623006177073,89.71226223971016,118.0652162503229
83.89053108245842,89.72394969511637,118.12044129015106
83.97032040655785,89.75064893420391,118.17853073168024
83.97096152404897,89.87583516298828,118.24376251867947
83.99340720775427,89.92415513212426,118.29330826711688
83.99532553201087,90.00558765516061,118.35862275422653
84.09314296979595,90.0556078243984,118.41182473059538
84.1730603659443,90.20507052010855,118.4691870884999
84.32417409246459,90.23123514378622,118.50851407780186
84.41944567488241,90.29171964623569,118.5643319243043
84.45486100833907,90.3277662466036,118.61584532655819
84.50094277647668,90.38926425754808,118.66713168205811
84.59839200314798,90.38861523144253,118.7258902671773
84.64401033601514,90.4212990997666,118.77967979329435
84.70574801010133,90.41818727982155,118.8383546568639
84.73696408227495,90.43113375969193,118.8913415913401
84.85029878033566,90.53210731432526,118.94388936293919
84.92479091190218,90.56632389815277,118.99683930361462
85.05972113259455,90.60953813455504,119.04008321018254
85.08655432706168,90.64050983389669,119.09540726773193
85.17476739643644,90.65878871706755,119.13357780862634
85.20219047976636,90.7466162523583,119.18391026494083
85.27191435480192,90.83528294965363,119.22517101982454
85.32217074825832,90.88242911867258,119.27719394102706
85.37693458730742,90.96172231074974,119.33370915359643
85.43855003079233,91.00663453359051,119.38187984103024
85.48317662070603,91.08407453562535,119.42851034678093
85.60126011697699,91.10662745456376,119.47503209804323
85.71140106027472,91.1772439011221,119.52262578698
85.75258055039734,91.21120999879552,119.57047182249154
85.8645959139562,91.23813135277317,119.6179065406648
85.85382327330112,91.29748835898855,119.66486531200808
85.8971509699402,91.32010030849649,119.72625825769116
86.03732907589124,91.39663914394652,119.75733408832754
86.06530305040471,91.44011546858047,119.80922516352467
86.0728666517157,91.54158787227645,119.8521816647662
86.16458189422046,91.56648448965794,119.90758486161387
86.23679513026667,91.58778716452542,119.94685020484496
86.2564772674931,91.66391675263017,119.99807788055497
86.3097428975567,91.70677030943736,120.05020379515068
86.34813538238673,91.73474960856971,120.10331974718127
86.34891446858161,91.74470198385265,120.16169857578754
86.34956780052119,91.78975454197715,120.22205191494889
86.3836539533921,91.87577633425317,120.26413173221609
86.45336418083096,91.88013922354257,120.32251251787974
86.48496027153817,92.02477178525824,120.37203377112482
86.55838912226163,92.12776289802233,120.43071239268947
86.63347342267124,92.15562574319625,120.48212025475601
86.6982396159245,92.20351475821138,120.53415690492915
86.68590734328362,92.22150675869902,120.58458675762387
86.70640734179135,92.2873117643494,120.63674896732546
86.72526185404182,92.35662033987818,120.6806931314949
86.73826287274208,92.443243980677,120.72717435889118
86.75241840842322,92.49708731400679,120.77173327065006
86.76030838233757,92.58335263972553,120.82396585847754
86.80087258923243,92.71262990183037,120.86201811670719
86.87621513503527,92.7680319151871,120.9169095808598
86.91465958974361,92.77998650855949,120.97041774770469
87.03503811179039,92.81675350849575,121.01430015739089
87.05713681347362,92.88018983054552,121.05846599499118
87.11602286794705,93.00083128791518,121.10870861541687
87.24330531273112,93.03423719871722,121.15576812131803
87.28841261278714,93.07786856320972,121.19897347582497
87.35286397406088,93.10016162567453,121.22739701226473
87.35018721962253,93.17398560204616,121.26816557727807
87.42620126505801,93.2181120733894,121.30383034637026
87.44528138465368,93.29003804943176,121.33565948791487
87.58440019851179,93.29957647751552,121.37116714135604
87.65921586579101,93.35208909372388,121.41292955723735
87.70164638925462,93.50459147140224,121.45080790557597
87.74978094487221,93.50564834079731,121.5015934780145
87.88643882090473,93.5228993190803,121.54426972738148
87.94521636871403,93.54389232968937,121.58125947582363
87.96552509203391,93.57391240508682,121.61944634894309
88.02640892888387,93.65327671981288,121.66489406884395
88.0652739923376,93.66214303780042,121.71513625715886
88.07016325115075,93.72454703139537,121.76063330455413
88.12445316285189,93.75104604262819,121.79064443622119
88.17192854110412,93.7846875964838,121.83863670535075
88.2135339492514,93.79850150410819,121.89098357504218
88.24005102008931,93.90385272767013,121.94011640687962
88.31006453339984,93.9558221865621,121.98355760216756
88.42052746213398,93.96050349504908,122.02649746232257
88.50625176653706,94.00873854567575,122.06491754796427
88.54310338391879,94.05333618905499,122.10548863412167
88.59608222439684,94.05632006269765,122.14894974545909
88.67552930405671,94.13506745755959,122.18207582137245
88.73045276075521,94.16003445381928,122.22005605510658
88.74044935541146,94.29180207942748,122.26778937530324
88.80466471467383,94.34711752833132,122.3094109286369
88.81387030646096,94.36485760385176,122.35339981707972
88.85198240058253,94.42692120293609,122.38768506923698
88.94360988667769,94.52193646904027,122.41977140848329
88.99530088548565,94.53220104614337,122.46969683417245
89.02690491677528,94.54116603948223,122.50408272670388
89.11252668177039,94.56426281339446,122.5464731583028
89.17152823691303,94.59972116540602,122.58758105661863
89.20008477041374,94.66370868780747,122.62895332473556
89.28075224639304,94.69120349863886,122.67298267059714
89.35463604710031,94.70867198102525,122.71345196032794
89.39285793368113,94.75696458313828,122.75314734454318
89.43916486782241,94.80337584364398,122.78335224698398
89.48489766673812,94.84197758334447,122.82005450859573
89.52999812421501,94.90417024660333,122.85276948243238
89.57845010953804,94.99058590874995,122.8929308673442
89.68201288972622,95.10676180487567,122.93038647705067
89.77446006051072,95.11722669678977,122.98099651346716
89.7777865219087,95.1262926275418,123.02861552884957
89.8552130005827,95.24737271019673,123.04568287306782
89.92998728802573,95.3454174930153,123.08865039687406
90.01754515960245,95.3723152196129,123.1256446120672
90.09863065968143,95.41408514934406,123.15407492078819
90.11841481335625,95.48801414275955,123.19184342446077
90.193260099521,95.52731838769188,123.22814664182717
90.41190017447764,95.59167227618252,123.25580246474031
90.46036030891999,95.62479834080949,123.28681460797355
90.45750341084066,95.64932656779689,123.33018592442781
90.45511358074917,95.70743587535038,123.37639712627325
90.45311912425763,95.73856425216528,123.41496798188453
90.495021176372,95.80764019802628,123.44963524244542
90.536083970067,95.87658306852158,123.49301061005156
90.56563680907352,95.96019446734032,123.52927791596804
90.57758340178772,95.97498495569131,123.56929657486981
90.57798226982992,96.05663031716445,123.60358456187117
90.63457043970331,96.0756087322413,123.6467677399927
90.70397943032681,96.09192056351165,123.69528254582258
90.75795060122087,96.13445102917382,123.72973037158877
90.75748620961912,96.1621483432758,123.76905937505678
90.7957519012891,96.1968955382018,123.8043871088871
90.84550583702887,96.23245220728684,123.84343480531848
90.92536394522155,96.24427329961776,123.89257962768532
90.98782983341069,96.27646211594518,123.93637768899805
91.01730731052618,96.30647093450872,123.97887647434197
91.0897509959571,96.3537179278051,124.01202122291457
91.07775819934861,96.40256815116769,124.05753020200311
91.1099290361879,96.47719062727191,124.10408701834645
91.12837229559356,96.58291790384263,124.14096284026175
91.15602219206092,96.68500132589317,124.18739832640506
91.20052639203699,96.74040005471399,124.23520551144722
91.26223020865308,96.72814262759123,124.27982312600417
91.34256599518481,96.71756415635777,124.32330276377238
91.41126340255506,96.70843027062762,124.35236288136952
91.4012546268889,96.70053971649949,124.39512745557529
91.41258229795275,96.693719641595,124.435290600365
91.40673555791105,96.68782155450629,124.47985387785533
91.48791382152244,96.6827178619191,124.52204619815285
91.518385185457,96.74283935195962,124.55794288948455
91.52985316824287,96.78022106468278,124.6009248185929
91.60745165995857,96.77800300940403,124.64282076561742
91.60983022650558,96.87416704204622,124.68283060956107
91.63876610809879,96.93454158243891,124.72940234404393
91.65551549870749,96.9437887629636,124.76689854047956
91.65147115390828,97.04261456966502,124.79207066374676
91.64797371338244,97.0707233377319,124.83430962577157
91.64494840501662,97.08925024719011,124.87323386019143
91.70371988121131,97.09100723795322,124.9169308356807
91.71801367820977,97.12762548747475,124.95885531854452
91.74281642939249,97.16688737524095,124.98370087433514
91.74656814500773,97.18704919046111,125.02145446064515
91.84334687624835,97.23431286433484,125.05863838695386
91.88723150102396,97.2758122030868,125.09714139190368
91.88661645465587,97.27997815504928,125.13972288396695
91.97765699618536,97.28352837266374,125.18088392938205
92.03690332567619,97.28655514001883,125.22364599678188
92.02839429595402,97.32099115060014,125.26630914192602
92.02118750463023,97.34999176886353,125.30917991923607
92.01508869554635,97.41323380588017,125.35274207907679
92.00993216255588,97.42307191583639,125.38832791433443
92.02090435186871,97.46285536961044,125.42759720686564
92.0461902287089,97.53819006495269,125.46273209492828
92.09325252598643,97.55153050935715,125.49365993744263
92.19017628107578,97.55616686151014,125.53568691111505
92.1809782930928,97.62890955780364,125.57632015176891
92.17329796327645,97.70210917853869,125.61951022856523
92.19394830373655,97.77797699653527,125.65427838333318
92.18691737261548,97.85168793102217,125.69062738000656
92.26935275307555,97.86437063086252,125.72331681905837
92.28018182715158,97.86006134102185,125.7582736167204
92.2774655595965,97.85623452878562,125.79851083797885
92.30579315425439,97.85283577115088,125.83937170331535
92.36292380000559,97.92620591240113,125.87253655188904
92.3553674631542,98.02922245492802,125.90010635008883
92.34912491450545,98.03863832459025,125.93929086841486
92.42675886817514,98.08322915026805,125.96635205067018
92.42022526224056,98.12584737766392,126.0052958200922
92.41482879429654,98.15588313989589,126.04118116327416
92.47199119412743,98.19534375724358,126.08112277040544
92.50592957035924,98.22058418565672,126.11023622216553
92.50179270812833,98.22655882087447,126.15002129851162
92.51419151971875,98.26762609640024,126.18684072537376
92.57345000355747,98.343298434692,126.21958014477576
92.58504640669693,98.3766564174682,126.25289895123595
92.65149614370844,98.41172812495596,126.29338665936608
92.64716944048254,98.40960540172702,126.33174551970386
92.64370534902328,98.44014350783365,126.37119333481525
92.67433757999365,98.46707989649609,126.41075163535191
92.69624751919753,98.46120406477853,126.44863105672829
92.69076509837996,98.45617900647117,126.48772523127698
92.68632435032252,98.52769281747102,126.51914365204088
92.71500385169921,98.5457455769266,126.55327602743752
92.76439994578054,98.64051535459909,126.58801385981351
92.81636516470954,98.66305341771874,126.61973455252881
92.83313716447736,98.66425946420486,126.65444667298503
92.83046322474786,98.66525619813339,126.69288149569293
92.85057142653342,98.68154466849428,126.72114540581643
92.84993408683427,98.7146152180219,126.75723863646097
92.84939494675537,98.74513647228775,126.79276310492502
92.90930499092599,98.77075592937007,126.82590017711001
92.93001286527506,98.80697787204618,126.86092188132704
93.00043506082045,98.83493049201991,126.88714636879564
92.99552334710116,98.85037400362556,126.92464820890572
92.99157129185042,98.88053372194358,126.95604883224951
92.98841524924795,98.89806189071156,126.99408674176505
93.02944606888254,98.91301193451154,127.03452159225446
93.07508610571557,98.92575841943562,127.07593052103894
93.0812107127163,98.96550428080745,127.10877373772027
93.07626734643763,98.99444679430526,127.1427748429416
93.1074559641698,99.00276910487445,127.18150323255917
93.13349750713265,99.0486821849585,127.22186812806409
93.12540726158728,99.05128683077557,127.25922155092135
93.1400855029139,99.05341885542877,127.29364672037678
93.20594050425852,99.05515543648694,127.33047548443156
93.23479103087908,99.08904794970691,127.34554632201969
93.23603712563936,99.20032872269343,127.38194116315509
93.23700317754903,99.20668054465274,127.41787001738945
93.2377378602735,99.23492924131149,127.45113752325221
93.23828215430902,99.24083835875847,127.4878904613991
93.23867050984558,99.2457609090557,127.5249790390605
93.23893183787567,99.2965577823064,127.5654925970144
93.25450937811605,99.29572170884758,127.59688780384667
93.34637264512634,99.29479925279996,127.6308326424874
93.36013336383257,99.2938233302369,127.66038914930147
93.38974987254932,99.3301577354635,127.69591317301133
93.39490916889423,99.3469988069578,127.72824316172584
93.39932518489307,99.36940114555642,127.76182160830625
93.43739712675523,99.36840096603787,127.79869247987382
93.4567623641841,99.36740106067302,127.83127410981751
93.47614720453669,99.36641589925715,127.86397768683328
93.53117539969129,99.42287931110778,127.89344041329836
93.5636608147701,99.45749442475545,127.92973811588024
93.56464541061244,99.45299095897813,127.96463123176345
93.56562442168959,99.4490152029653,127.9999100315545
93.59810833722494,99.46216877742278,128.02914026643998
93.59676086966132,99.46527213389005,128.0642318049383
93.59573371929564,99.46784495029347,128.09963649209737
93.59496852199463,99.50139963999338,128.13535260534212
93.59441650054946,99.50083812356563,128.17082162991082
93.60962471814071,99.53185454601622,128.20146306849176
93.61258022777325,99.56244133939146,128.2371701644082
93.61522036936918,99.5574579750518,128.27221669741175
93.61757985336124,99.57220372564665,128.3023055698478
93.61968943472512,99.57273267670584,128.33752091637422
93.6341034971611,99.59653834800235,128.36289123615586
93.64204461173499,99.59782737882618,128.3977826827389
93.68846407530923,99.5989505597181,128.43406988303752
93.69116217287495,99.66984656745483,128.45942234865527
93.72983603471928,99.73023291195258,128.48881516802834
93.72886848514216,99.76507573572665,128.5191664697158
93.74104917668963,99.84309109221495,128.5474859586333
93.76436555903425,99.84572027603653,128.57549575871187
93.77116002210727,99.8479872142716,128.6080918490968
93.84076828798015,99.8499425023711,128.63951908107495
93.87525675070304,99.85162960490659,128.66123560165127
93.93641305407753,99.85308586675013,128.69000785609256
93.9455501520884,99.94429612113879,128.71944069115366
93.95340729451117,99.99922934476018,128.7484852219908
93.96016593602053,99.99809449016585,128.780411590833
93.96598160567036,100.03064566414174,128.81328075501486
93.97098762883284,100.02721768850803,128.8455833781593
93.97529831334458,100.04055869397118,128.8709363943628
94.02307158700712,100.0652416817759,128.90045323525888
94.04243230416252,100.07368509539855,128.9289166419654
94.04341158677248,100.08099810509773,128.96111471220846
94.04426431207257,100.08733529929576,128.99362197325925
94.04500822915536,100.09282980324832,129.02637868718065
94.04565847167402,100.09759629076696,129.0593337426665
94.08607982960216,100.10173357020788,129.0937223646544
94.08326284939574,100.14483985686796,129.11732723362599
94.08083654672274,100.18741483517442,129.15036922011333
94.07874656237135,100.19348985475197,129.18265138346092
94.09537577416087,100.19878918935163,129.21081514426518
94.09660741296119,100.20341557264476,129.24328198079317
94.09767719240048,100.20745775554043,129.2758910384174
94.09860653452233,100.24749922722602,129.2968605083084
94.09941398980101,100.26246627880272,129.32890173593248
94.10011562760478,100.27534680273911,129.36111100564523
94.10072537284859,100.30281534639852,129.38614156779283
94.14137797738235,100.34147850534904,129.41511930815952
94.1384897726562,100.35980034738012,129.44655144543412
94.15572522370312,100.42682988681509,129.47149151779456
94.15527466166812,100.44008356210625,129.50269587624896
94.15488773366076,100.47218977375339,129.52993625517306
94.15455454895418,100.48493135923012,129.56140563202908
94.19716912740307,100.4959088285063,129.5948083933933
94.193217605825,100.50536768431604,129.62605453311437
94.18978336383029,100.51351908855676,129.65744739228154
94.20601611293453,100.52054468879786,129.68507943747443
94.2241333109425,100.5266007635664,129.71226154648014
94.23953103427972,100.53182178290547,129.73646455639877
94.24807516814924,100.59770395759419,129.765391402347
94.27837893381742,100.60043661754052,129.79288296502733
94.32544926954486,100.60277184864155,129.8244344565486
94.32883101580275,100.60476672835296,129.8547054310991
94.33170830158193,100.6064701925341,129.88515697555732
94.37105848697833,100.607924192978,129.91643630957782
94.40396702063373,100.60916469055186,129.94683019104502
94.40073467283077,100.61022250729928,129.97687976136098
94.39799045399661,100.61112405753343,130.0070914384807
94.39566147062239,100.61189197510568,130.03742776181792
94.39368561510474,100.61254565159075,130.06785673475886
94.39200998119378,100.61310169803461,130.09835103361974
94.39058951095615,100.61357434111686,130.12888733128997
94.38938583956588,100.61397576303573,130.15944571890967
94.38836630912265,100.65176140780072,130.19124836444414
94.38750312687561,100.64898191913794,130.22138421019332
94.40826285399082,100.64657091470752,130.24822834624757
94.40960895991992,100.64447822333028,130.27836653547155
94.41073549922672,100.64266063584735,130.30851641268316
94.4116765144623,100.64108092637898,130.33866286551054
94.41246090447864,100.63970701237531,130.36879299736518
94.4131131905296,100.63851123366847,130.3988958084998
94.44508484796812,100.63746973356241,130.42866401307936
94.4433404335004,100.63656192742836,130.4583153536092
94.4418921457476,100.63577004635005,130.487972178762
94.45961648930604,100.6350787451429,130.51342437592598
94.49906932937245,100.63447476559949,130.5434852849789
94.49783833541653,100.63394664711757,130.5725713970043
94.49683337728435,100.63348447798734,130.60169408234978
94.49601622211244,100.63307968157451,130.63083476656038
94.50949824524506,100.63272483245706,130.65335204483918
94.51510414424547,100.63241349827733,130.68204758737437
94.51993593079148,100.6321401036758,130.71078728524003
94.52410059256768,100.63189981318833,130.73955173306015
94.52769027403457,100.63168843043448,130.768324386336
94.5307843461204,100.6315023113006,130.79709114620877
94.53345118581568,100.63133828915247,130.82584000451814
94.53574970652885,100.63119361038527,130.854560740392
94.5377306742821,100.63106587886313,130.8832446608794
94.53943783986986,100.63095300800292,130.91188437922628
94.5409089128442,100.6308531794344,130.94047362532535
94.5421763995422,100.63076480731849,130.96900708366766
94.54326832423256,100.63068650753551,130.99748025480014
94.5442088497728,100.63061707106765,131.02588933687767
